"Date","Latitude","Longitude","Subregion","cyfluthrin_sediment","esfenvalerate_sediment","fipronil_desulfinyl_sediment","fipronil_sulfide_sediment","fipronil_sulfone_sediment","oxygen_sediment","ph_sediment","salinity_sediment","temperature_sediment","chlorpyrifos_sediment","diazinon_sediment","malathion_sediment","fipronil_sediment","fipronil_amide_sediment","fipronil_desulfinyl_amide_sediment","electricalconductivity_sediment","atrazine_sediment","diazoxon_sediment"
2010-02-09,38.055779,-122.0902023,"Suisun Bay",0,0,0,0.00165,0.0042,NA,NA,NA,NA,NA,NA,NA,NA,NA,NA,NA,NA,NA
2010-02-09,38.0558,-122.09,"Suisun Bay",NA,NA,NA,NA,NA,4,8.37,20.16,23.8,NA,NA,NA,NA,NA,NA,NA,NA,NA
2010-02-09,38.0818,-122.036,"Suisun Bay",NA,NA,NA,NA,NA,5.93,7.76,20.92,23.8,NA,NA,NA,NA,NA,NA,NA,NA,NA
2010-02-09,38.081821,-122.036377,"Suisun Bay",0,0,0.0106,0.00579,0.00645,NA,NA,NA,NA,NA,NA,NA,NA,NA,NA,NA,NA,NA
2010-02-09,38.1107,-122.049,"Suisun Bay",NA,NA,NA,NA,NA,6.42,7.92,20.72,23.8,NA,NA,NA,NA,NA,NA,NA,NA,NA
2010-02-09,38.11074,-122.04873,"Suisun Bay",0,0,0.0239,0.0117,0.00537,NA,NA,NA,NA,NA,NA,NA,NA,NA,NA,NA,NA,NA
2010-02-09,38.1155,-122.04,"Suisun Bay",NA,NA,NA,NA,NA,6.48,8.37,21.47,23.8,NA,NA,NA,NA,NA,NA,NA,NA,NA
2010-02-09,38.11611,-122.03861,"Suisun Bay",0,0.483,0.0401,0.0111,0.0813,NA,NA,NA,NA,NA,NA,NA,NA,NA,NA,NA,NA,NA
2010-02-09,38.120251,-122.0164795,"Suisun Bay",0,0,0.0223,0.0124,0.0104,NA,NA,NA,NA,NA,NA,NA,NA,NA,NA,NA,NA,NA
2010-02-09,38.1203,-122.016,"Suisun Bay",NA,NA,NA,NA,NA,5.4,7.81,20,23.8,NA,NA,NA,NA,NA,NA,NA,NA,NA
2010-02-10,38.0205,-121.806,"Confluence",NA,NA,NA,NA,NA,4.48,8.38,21.52,15,NA,NA,NA,NA,NA,NA,NA,NA,NA
2010-02-10,38.05944,-121.80972,"Confluence",0,0,0,NA,0.00855,NA,NA,NA,NA,NA,NA,NA,NA,NA,NA,NA,NA,NA
2010-02-10,38.0597,-121.811,"Confluence",NA,NA,NA,NA,NA,7.51,7.88,22.2,23.8,NA,NA,NA,NA,NA,NA,NA,NA,NA
2010-03-16,37.7705,-121.292,"South Delta",NA,NA,NA,NA,NA,7.2,8.55,NA,22.9,NA,NA,NA,NA,NA,NA,NA,NA,NA
2010-03-16,38.1156,-121.494,"Central Delta",NA,NA,NA,NA,NA,8,8.31,NA,23.2,NA,NA,NA,NA,NA,NA,NA,NA,NA
2010-03-16,38.1526,-121.501,"Central Delta",NA,NA,NA,NA,NA,8.7,8.41,NA,22.9,NA,NA,NA,NA,NA,NA,NA,NA,NA
2010-04-20,38.4157,-121.6752,"North Delta",0,10.7,NA,NA,NA,NA,NA,NA,NA,0,0,0,NA,NA,NA,NA,NA,NA
2010-05-18,38.4157,-121.6752,"North Delta",0,5.9,NA,NA,NA,NA,NA,NA,NA,0,0,0,NA,NA,NA,NA,NA,NA
2010-06-29,38.01589,-121.83952,"Confluence",16.4,0,NA,NA,NA,NA,NA,NA,NA,0,0,0,NA,NA,NA,NA,NA,NA
2010-06-29,38.0165,-121.839,"Confluence",NA,NA,NA,NA,NA,7.53,7.72,NA,22.9,NA,NA,NA,NA,NA,NA,NA,NA,NA
2010-07-08,37.9911,-121.696,"Confluence",NA,NA,NA,NA,NA,6.15,7.86,NA,22.5,NA,NA,NA,NA,NA,NA,NA,NA,NA
2010-07-08,37.99151,-121.7083,"Confluence",2.8,0,NA,NA,NA,NA,NA,NA,NA,0,0,0,NA,NA,NA,NA,NA,NA
2010-07-20,38.4157,-121.6752,"North Delta",0,0,NA,NA,NA,NA,NA,NA,NA,0,0,0,NA,NA,NA,NA,NA,NA
2010-08-25,38.3831,-121.521,"Sacramento River",NA,NA,NA,NA,NA,6.95,7.54,NA,22.9,NA,NA,NA,NA,NA,NA,NA,NA,NA
2010-08-25,38.38312,-121.52057,"Sacramento River",0,0,NA,NA,NA,NA,NA,NA,NA,0,0,0,NA,NA,NA,NA,NA,NA
2010-09-01,38.2361,-121.419,"Central Delta",NA,NA,NA,NA,NA,6.39,7.54,NA,23.8,NA,NA,NA,NA,NA,NA,NA,NA,NA
2010-09-01,38.236111,-121.4188919,"Central Delta",0,1.26,NA,NA,NA,NA,NA,NA,NA,0,0,0,NA,NA,NA,NA,NA,NA
2010-09-07,37.7705,-121.292,"South Delta",NA,NA,NA,NA,NA,8.4,8.43,NA,22.9,NA,NA,NA,NA,NA,NA,NA,NA,NA
2010-09-07,37.77341,-121.29245,"South Delta",0,0,NA,NA,NA,NA,NA,NA,NA,0,NA,NA,NA,NA,NA,NA,NA,NA
2010-09-07,37.8208,-121.5,"Central Delta",NA,NA,NA,NA,NA,7.3,8.62,NA,22.6,NA,NA,NA,NA,NA,NA,NA,NA,NA
2010-09-07,37.8418,-121.53,"Central Delta",NA,NA,NA,NA,NA,8.4,8.46,NA,23.6,NA,NA,NA,NA,NA,NA,NA,NA,NA
2010-09-07,37.842,-121.538,"Central Delta",0,51.3,NA,NA,NA,NA,NA,NA,NA,0,NA,NA,NA,NA,NA,NA,NA,NA
2010-09-07,38.1156,-121.494,"Central Delta",NA,NA,NA,NA,NA,7.4,8.22,NA,22.8,NA,NA,NA,NA,NA,NA,NA,NA,NA
2010-09-07,38.1159,-121.4949,"Central Delta",0,0,NA,NA,NA,NA,NA,NA,NA,4.6,NA,NA,NA,NA,NA,NA,NA,NA
2010-09-07,38.1526,-121.501,"Central Delta",NA,NA,NA,NA,NA,8.7,8.06,NA,23.1,NA,NA,NA,NA,NA,NA,NA,NA,NA
2010-09-21,38.4157,-121.6752,"North Delta",0,0,NA,NA,NA,NA,NA,NA,NA,0,0,0,NA,NA,NA,NA,NA,NA
2011-03-08,37.8208,-121.5,"Central Delta",NA,NA,NA,NA,NA,8.1,8.11,NA,22.1,NA,NA,NA,NA,NA,NA,NA,NA,NA
2011-03-08,37.8418,-121.53,"Central Delta",NA,NA,NA,NA,NA,7,8.13,NA,23.8,NA,NA,NA,NA,NA,NA,NA,NA,NA
2011-03-08,37.842,-121.538,"Central Delta",0,42.3,NA,NA,NA,NA,NA,NA,NA,0,NA,NA,NA,NA,NA,NA,NA,NA
2011-03-08,37.8819,-121.6522,"Central Delta",0,0,NA,NA,NA,NA,NA,NA,NA,0.63,NA,NA,NA,NA,NA,NA,NA,NA
2011-03-08,37.8819,-121.652,"Central Delta",NA,NA,NA,NA,NA,7.7,7.95,NA,23.8,NA,NA,NA,NA,NA,NA,NA,NA,NA
2011-03-08,37.9475,-121.743,"Confluence",1.3,0,NA,NA,NA,7,8.13,NA,23.8,0,NA,NA,NA,NA,NA,NA,NA,NA
2011-03-08,37.9556,-121.422,"Central Delta",NA,NA,NA,NA,NA,8.9,8.02,NA,23.2,NA,NA,NA,NA,NA,NA,NA,NA,NA
2011-04-20,38.2399,-121.565,"Sacramento River",NA,NA,NA,NA,NA,7.2,7.53,NA,NA,NA,NA,NA,NA,NA,NA,NA,NA,NA
2011-04-20,38.3068,-121.693,"North Delta",NA,NA,NA,NA,NA,7.6,7.71,NA,NA,NA,NA,NA,NA,NA,NA,NA,NA,NA
2011-04-20,38.307,-121.794,"North Delta",NA,NA,NA,NA,NA,5.8,7.52,NA,NA,NA,NA,NA,NA,NA,NA,NA,NA,NA
2011-04-20,38.4157,-121.6752,"North Delta",0,0.52,NA,NA,NA,NA,NA,NA,NA,0.54,0,NA,NA,NA,NA,NA,NA,NA
2011-06-21,38.4157,-121.6752,"North Delta",0,0.4,NA,NA,NA,NA,NA,NA,NA,NA,NA,NA,NA,NA,NA,NA,NA,NA
2011-07-07,38.01589,-121.83952,"Confluence",6.16,0,NA,NA,NA,NA,NA,NA,NA,0,0,0,NA,NA,NA,NA,NA,NA
2011-07-07,38.0165,-121.839,"Confluence",NA,NA,NA,NA,NA,7.88,7.81,NA,14.7,NA,NA,NA,NA,NA,NA,NA,NA,NA
2011-07-21,37.95356,-121.69445,"Confluence",0,0,NA,NA,NA,NA,NA,NA,NA,0,0,0,NA,NA,NA,NA,NA,NA
2011-07-21,37.9536,-121.694,"Confluence",NA,NA,NA,NA,NA,8.92,8.14,NA,14.9,NA,NA,NA,NA,NA,NA,NA,NA,NA
2011-07-21,37.9685,-121.683,"Confluence",NA,NA,NA,NA,NA,9.61,7.94,NA,14.9,NA,NA,NA,NA,NA,NA,NA,NA,NA
2011-07-21,37.96851,-121.68278,"Confluence",0,0,NA,NA,NA,NA,NA,NA,NA,0,0,0,NA,NA,NA,NA,NA,NA
2011-07-21,37.9911,-121.696,"Confluence",NA,NA,NA,NA,NA,6.94,7.85,NA,23.5,NA,NA,NA,NA,NA,NA,NA,NA,NA
2011-07-21,37.99151,-121.7083,"Confluence",0,0,NA,NA,NA,NA,NA,NA,NA,0,0,0,NA,NA,NA,NA,NA,NA
2011-08-09,38.5511,-121.628,"North Delta",NA,NA,NA,NA,NA,8.14,8.32,NA,22.9,NA,NA,NA,NA,NA,NA,NA,NA,NA
2011-08-09,38.55113,-121.62769,"North Delta",0,0,NA,NA,NA,NA,NA,NA,NA,NA,NA,NA,NA,NA,NA,NA,NA,NA
2011-08-09,38.5523,-121.629,"North Delta",NA,NA,NA,NA,NA,7.97,8.58,NA,22.9,NA,NA,NA,NA,NA,NA,NA,NA,NA
2011-08-09,38.55234,-121.62917,"North Delta",0,0,NA,NA,NA,NA,NA,NA,NA,NA,NA,NA,NA,NA,NA,NA,NA,NA
2011-08-16,38.3068,-121.693,"North Delta",NA,NA,NA,NA,NA,7.4,7.56,NA,NA,NA,NA,NA,NA,NA,NA,NA,NA,NA
2011-08-16,38.307,-121.794,"North Delta",NA,NA,NA,NA,NA,8.3,7.86,NA,NA,NA,NA,NA,NA,NA,NA,NA,NA,NA
2011-08-16,38.4157,-121.6752,"North Delta",0,1.9,NA,NA,NA,NA,NA,NA,NA,NA,NA,NA,NA,NA,NA,NA,NA,NA
2011-08-17,38.2399,-121.565,"Sacramento River",NA,NA,NA,NA,NA,7.3,7.41,NA,NA,NA,NA,NA,NA,NA,NA,NA,NA,NA
2011-08-17,38.5511,-121.628,"North Delta",NA,NA,NA,NA,NA,5.76,8.26,NA,22.9,NA,NA,NA,NA,NA,NA,NA,NA,NA
2011-08-17,38.55113,-121.62769,"North Delta",0,0,NA,NA,NA,NA,NA,NA,NA,NA,NA,NA,NA,NA,NA,NA,NA,NA
2011-08-17,38.5523,-121.629,"North Delta",NA,NA,NA,NA,NA,8.25,8.16,NA,22.9,NA,NA,NA,NA,NA,NA,NA,NA,NA
2011-08-17,38.55234,-121.62917,"North Delta",0,0,NA,NA,NA,NA,NA,NA,NA,NA,NA,NA,NA,NA,NA,NA,NA,NA
2011-08-19,38.2361,-121.419,"Central Delta",NA,NA,NA,NA,NA,6.04,7.53,NA,22,NA,NA,NA,NA,NA,NA,NA,NA,NA
2011-08-19,38.236111,-121.4188919,"Central Delta",0,0,NA,NA,NA,NA,NA,NA,NA,0,0,0,NA,NA,NA,NA,NA,NA
2011-08-19,38.3831,-121.521,"Sacramento River",NA,NA,NA,NA,NA,8.39,7.92,NA,22,NA,NA,NA,NA,NA,NA,NA,NA,NA
2011-08-19,38.38312,-121.52057,"Sacramento River",0,0,NA,NA,NA,NA,NA,NA,NA,0,0,0,NA,NA,NA,NA,NA,NA
2011-08-29,38.07597,-122.0568695,"Suisun Bay",0,0,0,0,0.0081,NA,NA,NA,NA,NA,NA,NA,0,NA,NA,NA,NA,NA
2011-08-29,38.076,-122.057,"Suisun Bay",NA,NA,NA,NA,NA,8.63,7.96,20.8,14.1,NA,NA,NA,NA,NA,NA,NA,NA,NA
2011-08-29,38.088081,-122.0683823,"Suisun Bay",NA,NA,0.0088,0,0.0086,NA,NA,NA,NA,NA,NA,NA,0,NA,NA,NA,NA,NA
2011-08-29,38.09945,-122.04658,"Suisun Bay",NA,NA,0.0148,0,NA,NA,NA,NA,NA,NA,NA,NA,0,NA,NA,NA,NA,NA
2011-08-29,38.1107,-122.049,"Suisun Bay",NA,NA,NA,NA,NA,8.72,7.87,20.2,14.1,NA,NA,NA,NA,NA,NA,NA,NA,NA
2011-08-29,38.11074,-122.04873,"Suisun Bay",0,0,0.0228,0,NA,NA,NA,NA,NA,NA,NA,NA,0,NA,NA,NA,NA,NA
2011-08-30,38.0205,-121.806,"Confluence",NA,NA,NA,NA,NA,7.99,7.94,NA,22.9,NA,NA,NA,NA,NA,NA,NA,NA,NA
2011-08-30,38.05944,-121.80972,"Confluence",0,0,0,0,0,NA,NA,NA,NA,NA,NA,NA,0,NA,NA,NA,NA,NA
2011-08-30,38.0597,-121.811,"Confluence",NA,NA,NA,NA,NA,7.78,8.09,NA,22.5,NA,NA,NA,NA,NA,NA,NA,NA,NA
2011-08-30,38.074,-121.997,"Suisun Bay",NA,NA,NA,NA,NA,8.66,7.86,21.4,14.1,NA,NA,NA,NA,NA,NA,NA,NA,NA
2011-08-30,38.07401,-121.99732,"Suisun Bay",0,0,0,0,0,NA,NA,NA,NA,NA,NA,NA,0,NA,NA,NA,NA,NA
2011-08-30,38.104481,-122.0174713,"Suisun Bay",0,0,0.0173,0.0092,0.0199,NA,NA,NA,NA,NA,NA,NA,0,NA,NA,NA,NA,NA
2011-08-30,38.1045,-122.017,"Suisun Bay",NA,NA,NA,NA,NA,8.71,7.47,20.5,14.1,NA,NA,NA,NA,NA,NA,NA,NA,NA
2011-08-30,38.1155,-122.04,"Suisun Bay",NA,NA,NA,NA,NA,8.63,7.81,21.96,14.1,NA,NA,NA,NA,NA,NA,NA,NA,NA
2011-08-30,38.11565,-122.05781,"Suisun Bay",NA,NA,0.0165,0,NA,NA,NA,NA,NA,NA,NA,NA,0,NA,NA,NA,NA,NA
2011-08-30,38.11611,-122.03861,"Suisun Bay",0,0,0,0,0,NA,NA,NA,NA,NA,NA,NA,0.0128,NA,NA,NA,NA,NA
2011-08-30,38.133678,-122.0569992,"Suisun Bay",NA,NA,0.0133,0.0095,0.0184,NA,NA,NA,NA,NA,NA,NA,0,NA,NA,NA,NA,NA
2011-09-29,38.55006,-121.62608,"North Delta",0,0,NA,NA,NA,NA,NA,NA,NA,NA,NA,NA,NA,NA,NA,NA,NA,NA
2011-09-29,38.5508,-121.626,"North Delta",NA,NA,NA,NA,NA,5.45,8.04,NA,22.1,NA,NA,NA,NA,NA,NA,NA,NA,NA
2011-09-29,38.5523,-121.629,"North Delta",NA,NA,NA,NA,NA,6.87,7.95,NA,22.6,NA,NA,NA,NA,NA,NA,NA,NA,NA
2011-09-29,38.55234,-121.62917,"North Delta",0,0,NA,NA,NA,NA,NA,NA,NA,NA,NA,NA,NA,NA,NA,NA,NA,NA
2011-10-04,38.55006,-121.62608,"North Delta",0,0,NA,NA,NA,NA,NA,NA,NA,NA,NA,NA,NA,NA,NA,NA,NA,NA
2011-10-04,38.5508,-121.626,"North Delta",NA,NA,NA,NA,NA,6.46,7.84,NA,22.1,NA,NA,NA,NA,NA,NA,NA,NA,NA
2011-10-04,38.5523,-121.629,"North Delta",NA,NA,NA,NA,NA,7.1,7.91,NA,22.1,NA,NA,NA,NA,NA,NA,NA,NA,NA
2011-10-04,38.55234,-121.62917,"North Delta",0,0,NA,NA,NA,NA,NA,NA,NA,NA,NA,NA,NA,NA,NA,NA,NA,NA
2011-10-14,37.8208,-121.5,"Central Delta",NA,NA,NA,NA,NA,8,8.56,NA,22,NA,NA,NA,NA,NA,NA,NA,NA,NA
2011-10-14,37.8418,-121.53,"Central Delta",NA,NA,NA,NA,NA,8,8.68,NA,22.5,NA,NA,NA,NA,NA,NA,NA,NA,NA
2011-10-14,37.842,-121.538,"Central Delta",0,16.8,NA,NA,NA,NA,NA,NA,NA,0,NA,NA,NA,NA,NA,NA,NA,NA
2011-10-14,37.8819,-121.6522,"Central Delta",0.81,7.5,NA,NA,NA,NA,NA,NA,NA,0.97,NA,NA,NA,NA,NA,NA,NA,NA
2011-10-14,37.8819,-121.652,"Central Delta",NA,NA,NA,NA,NA,8.7,8.54,NA,22.4,NA,NA,NA,NA,NA,NA,NA,NA,NA
2011-10-14,37.9475,-121.743,"Confluence",0,0,NA,NA,NA,8.5,8.7,NA,22,0,NA,NA,NA,NA,NA,NA,NA,NA
2011-10-14,37.9556,-121.422,"Central Delta",NA,NA,NA,NA,NA,8,8.13,NA,22.5,NA,NA,NA,NA,NA,NA,NA,NA,NA
2011-10-14,38.1156,-121.494,"Central Delta",NA,NA,NA,NA,NA,7.9,8.17,NA,22.4,NA,NA,NA,NA,NA,NA,NA,NA,NA
2011-10-19,38.4157,-121.6752,"North Delta",0,0,NA,NA,NA,NA,NA,NA,NA,NA,NA,NA,NA,NA,NA,NA,NA,NA
2011-10-21,37.95356,-121.69445,"Confluence",0,0,NA,NA,NA,NA,NA,NA,NA,0,0,0,NA,NA,NA,NA,NA,NA
2011-10-21,37.9536,-121.694,"Confluence",NA,NA,NA,NA,NA,5.69,7.96,NA,21.4,NA,NA,NA,NA,NA,NA,NA,NA,NA
2011-10-21,37.9685,-121.683,"Confluence",NA,NA,NA,NA,NA,7.23,7.86,NA,21.4,NA,NA,NA,NA,NA,NA,NA,NA,NA
2011-10-21,37.96851,-121.68278,"Confluence",2.71,0,NA,NA,NA,NA,NA,NA,NA,0,0,0,NA,NA,NA,NA,NA,NA
2011-10-21,37.9911,-121.696,"Confluence",NA,NA,NA,NA,NA,5.53,7.89,NA,22.2,NA,NA,NA,NA,NA,NA,NA,NA,NA
2011-10-21,37.99151,-121.7083,"Confluence",16.1,0,NA,NA,NA,NA,NA,NA,NA,0,0,0,NA,NA,NA,NA,NA,NA
2012-01-12,37.95356,-121.69445,"Confluence",8.99,0,NA,NA,NA,NA,NA,NA,NA,0,0,0,NA,NA,NA,NA,NA,NA
2012-01-12,37.9536,-121.694,"Confluence",NA,NA,NA,NA,NA,8.5,7.72,NA,15.9,NA,NA,NA,NA,NA,NA,NA,NA,NA
2012-01-12,37.9685,-121.683,"Confluence",NA,NA,NA,NA,NA,8.91,8.33,NA,15.9,NA,NA,NA,NA,NA,NA,NA,NA,NA
2012-01-12,37.96851,-121.68278,"Confluence",0,0,NA,NA,NA,NA,NA,NA,NA,0,0,0,NA,NA,NA,NA,NA,NA
2012-01-12,37.9911,-121.696,"Confluence",NA,NA,NA,NA,NA,6.64,8.33,NA,22.2,NA,NA,NA,NA,NA,NA,NA,NA,NA
2012-01-12,37.99151,-121.7083,"Confluence",38.7,1.7,NA,NA,NA,NA,NA,NA,NA,0,0,0,NA,NA,NA,NA,NA,NA
2012-03-15,37.7705,-121.292,"South Delta",NA,NA,NA,NA,NA,8.6,8.19,NA,24,NA,NA,NA,NA,NA,NA,NA,NA,NA
2012-03-15,37.8208,-121.5,"Central Delta",NA,NA,NA,NA,NA,7.9,8.19,NA,24,NA,NA,NA,NA,NA,NA,NA,NA,NA
2012-03-15,37.8418,-121.53,"Central Delta",NA,NA,NA,NA,NA,8.4,8.34,NA,24.7,NA,NA,NA,NA,NA,NA,NA,NA,NA
2012-03-15,37.8819,-121.652,"Central Delta",NA,NA,NA,NA,NA,8.4,8.17,NA,22.4,NA,NA,NA,NA,NA,NA,NA,NA,NA
2012-03-15,37.9475,-121.743,"Confluence",4.7,0,NA,NA,NA,8.2,8.39,NA,24,0,NA,NA,NA,NA,NA,NA,NA,NA
2012-03-15,37.9674,-121.464,"Central Delta",NA,NA,NA,NA,NA,7.2,7.46,NA,22.7,NA,NA,NA,NA,NA,NA,NA,NA,NA
2012-03-15,38.1156,-121.494,"Central Delta",NA,NA,NA,NA,NA,8.4,8.21,NA,24,NA,NA,NA,NA,NA,NA,NA,NA,NA
2012-04-17,38.4157,-121.675,"North Delta",NA,NA,NA,NA,NA,8.1,7.83,NA,NA,NA,NA,NA,NA,NA,NA,NA,NA,NA
2012-04-17,38.45209,-121.67505,"North Delta",0,0,NA,NA,NA,NA,NA,NA,NA,0,0,NA,NA,NA,NA,NA,NA,NA
2012-04-17,38.4521,-121.675,"North Delta",NA,NA,NA,NA,NA,7.9,7.98,NA,NA,NA,NA,NA,NA,NA,NA,NA,NA,NA
2012-04-23,38.05516,-122.11149,"Suisun Bay",0,0,0,0,0.125,NA,NA,NA,NA,NA,NA,NA,0,NA,NA,NA,NA,NA
2012-04-23,38.0552,-122.111,"Suisun Bay",NA,NA,NA,NA,NA,8.63,7.84,20.5,15.4,NA,NA,NA,NA,NA,NA,NA,NA,NA
2012-04-23,38.0877,-122,"Suisun Bay",NA,NA,NA,NA,NA,8.99,7.8,20.74,15,NA,NA,NA,NA,NA,NA,NA,NA,NA
2012-04-23,38.08772,-122.00044,"Suisun Bay",0,0,0,0,0.0491,NA,NA,NA,NA,NA,NA,NA,0,NA,NA,NA,NA,NA
2012-04-23,38.0882,-122.043,"Suisun Bay",NA,NA,NA,NA,NA,8.74,7.81,18.7,15,NA,NA,NA,NA,NA,NA,NA,NA,NA
2012-04-23,38.08822,-122.04304,"Suisun Bay",0,0,0,0,0.0546,NA,NA,NA,NA,NA,NA,NA,0,NA,NA,NA,NA,NA
2012-04-23,38.1107,-122.049,"Suisun Bay",NA,NA,NA,NA,NA,8.61,7.81,19.54,15.4,NA,NA,NA,NA,NA,NA,NA,NA,NA
2012-04-23,38.11074,-122.04873,"Suisun Bay",0,0,0,0,0.0881,NA,NA,NA,NA,NA,NA,NA,0,NA,NA,NA,NA,NA
2012-04-23,38.1155,-122.04,"Suisun Bay",NA,NA,NA,NA,NA,8.63,7.73,20.63,15.4,NA,NA,NA,NA,NA,NA,NA,NA,NA
2012-04-23,38.11611,-122.03861,"Suisun Bay",0,0,0.0455,0.0114,0,NA,NA,NA,NA,NA,NA,NA,0.0187,NA,NA,NA,NA,NA
2012-04-24,38.0205,-121.806,"Confluence",NA,NA,NA,NA,NA,7.45,7.56,NA,23.1,NA,NA,NA,NA,NA,NA,NA,NA,NA
2012-04-24,38.05944,-121.80972,"Confluence",0,0,0,0,0.0095,NA,NA,NA,NA,NA,NA,NA,0,NA,NA,NA,NA,NA
2012-04-24,38.0597,-121.811,"Confluence",NA,NA,NA,NA,NA,5.52,7.96,NA,23.1,NA,NA,NA,NA,NA,NA,NA,NA,NA
2012-06-12,37.9911,-121.696,"Confluence",NA,NA,NA,NA,NA,5.41,7.87,NA,22.8,NA,NA,NA,NA,NA,NA,NA,NA,NA
2012-06-12,37.99151,-121.7083,"Confluence",27.2,2.13,NA,NA,NA,NA,NA,NA,NA,0,0,0,NA,NA,NA,NA,NA,NA
2012-06-12,38.01589,-121.83952,"Confluence",0,0,NA,NA,NA,NA,NA,NA,NA,0,0,0,NA,NA,NA,NA,NA,NA
2012-06-12,38.0165,-121.839,"Confluence",NA,NA,NA,NA,NA,6.15,7.41,NA,15,NA,NA,NA,NA,NA,NA,NA,NA,NA
2012-07-25,37.92297,-121.7189,"Confluence",0,0,NA,NA,NA,NA,NA,NA,NA,NA,NA,NA,NA,NA,NA,NA,NA,NA
2012-07-25,37.923,-121.719,"Confluence",NA,NA,NA,NA,NA,8,8,NA,23,NA,NA,NA,NA,NA,NA,NA,NA,NA
2012-08-21,38.4157,-121.6752,"North Delta",0,21,NA,NA,NA,NA,NA,NA,NA,0,0,NA,NA,NA,NA,NA,NA,NA
2012-08-21,38.4157,-121.675,"North Delta",NA,NA,NA,NA,NA,6.3,7.68,NA,NA,NA,NA,NA,NA,NA,NA,NA,NA,NA
2012-08-30,38.3831,-121.521,"Sacramento River",NA,NA,NA,NA,NA,6.05,7.92,NA,22.5,NA,NA,NA,NA,NA,NA,NA,NA,NA
2012-08-30,38.38312,-121.52057,"Sacramento River",0,0,NA,NA,NA,NA,NA,NA,NA,0,0,0,NA,NA,NA,NA,NA,NA
2012-09-06,38.2361,-121.419,"Central Delta",NA,NA,NA,NA,NA,6.43,7.43,NA,22.8,NA,NA,NA,NA,NA,NA,NA,NA,NA
2012-09-06,38.236111,-121.4188919,"Central Delta",0,0,NA,NA,NA,NA,NA,NA,NA,0,0,0,NA,NA,NA,NA,NA,NA
2012-09-18,37.7705,-121.292,"South Delta",NA,NA,NA,NA,NA,8,8.21,NA,23.1,NA,NA,NA,NA,NA,NA,NA,NA,NA
2012-09-18,37.82018,-121.5004,"South Delta",0,0,NA,NA,NA,NA,NA,NA,NA,0.99,NA,NA,NA,NA,NA,NA,NA,NA
2012-09-18,37.8208,-121.5,"Central Delta",NA,NA,NA,NA,NA,8.4,7.92,NA,23.5,NA,NA,NA,NA,NA,NA,NA,NA,NA
2012-09-18,37.8418,-121.53,"Central Delta",NA,NA,NA,NA,NA,8.4,8,NA,23.2,NA,NA,NA,NA,NA,NA,NA,NA,NA
2012-09-18,37.842,-121.538,"Central Delta",0,33,NA,NA,NA,NA,NA,NA,NA,3.2,NA,NA,NA,NA,NA,NA,NA,NA
2012-09-18,37.8819,-121.652,"Central Delta",NA,NA,NA,NA,NA,8.7,8.23,NA,23.3,NA,NA,NA,NA,NA,NA,NA,NA,NA
2012-09-18,37.9475,-121.743,"Confluence",NA,NA,NA,NA,NA,6.5,8.52,NA,23.3,NA,NA,NA,NA,NA,NA,NA,NA,NA
2012-09-18,37.9674,-121.464,"Central Delta",NA,NA,NA,NA,NA,8.7,8.09,NA,23.1,NA,NA,NA,NA,NA,NA,NA,NA,NA
2012-09-18,38.1156,-121.494,"Central Delta",NA,NA,NA,NA,NA,8.1,8.27,NA,23.2,NA,NA,NA,NA,NA,NA,NA,NA,NA
2013-03-19,37.7705,-121.292,"South Delta",NA,NA,NA,NA,NA,7.8,8.3,NA,23.1,NA,NA,NA,NA,NA,NA,NA,NA,NA
2013-03-19,37.82018,-121.5004,"South Delta",0,0,NA,NA,NA,NA,NA,NA,NA,0,NA,NA,NA,NA,NA,NA,NA,NA
2013-03-19,37.8208,-121.5,"Central Delta",NA,NA,NA,NA,NA,8.2,8.1,NA,23.2,NA,NA,NA,NA,NA,NA,NA,NA,NA
2013-03-19,37.8418,-121.53,"Central Delta",NA,NA,NA,NA,NA,7.4,7.98,NA,22.8,NA,NA,NA,NA,NA,NA,NA,NA,NA
2013-03-19,37.842,-121.538,"Central Delta",0,24,NA,NA,NA,NA,NA,NA,NA,0,NA,NA,NA,NA,NA,NA,NA,NA
2013-03-19,37.8819,-121.652,"Central Delta",NA,NA,NA,NA,NA,7.9,8.21,NA,23.4,NA,NA,NA,NA,NA,NA,NA,NA,NA
2013-03-19,37.9475,-121.743,"Confluence",NA,NA,NA,NA,NA,7.9,8.16,NA,23.4,NA,NA,NA,NA,NA,NA,NA,NA,NA
2013-03-19,37.9674,-121.464,"Central Delta",NA,NA,NA,NA,NA,8.3,8,NA,23.4,NA,NA,NA,NA,NA,NA,NA,NA,NA
2013-03-19,38.0505,-121.418,"Central Delta",NA,NA,NA,NA,NA,7.4,8.38,NA,23.2,NA,NA,NA,NA,NA,NA,NA,NA,NA
2013-03-19,38.1156,-121.494,"Central Delta",NA,NA,NA,NA,NA,8.2,8.26,NA,22.8,NA,NA,NA,NA,NA,NA,NA,NA,NA
2013-04-16,38.4157,-121.6752,"North Delta",0,0.45,NA,NA,NA,NA,NA,NA,NA,0,0,NA,NA,NA,NA,NA,NA,NA
2013-04-16,38.4157,-121.675,"North Delta",NA,NA,NA,NA,NA,6,7.73,NA,NA,NA,NA,NA,NA,NA,NA,NA,NA,NA
2013-05-22,38.01589,-121.83952,"Confluence",3.21,0,0,0,0,NA,NA,NA,NA,0,0,0,0,0,0,NA,NA,NA
2013-05-22,38.0165,-121.839,"Confluence",NA,NA,NA,NA,NA,2.54,8.02,NA,22.2,NA,NA,NA,NA,NA,NA,NA,NA,NA
2013-06-25,37.9911,-121.696,"Confluence",NA,NA,NA,NA,NA,6.6,8.06,NA,22.8,NA,NA,NA,NA,NA,NA,NA,NA,NA
2013-06-25,37.99151,-121.7083,"Confluence",5.37,0,0,0,1.37,NA,NA,NA,NA,0,0,0,0,0,0,NA,NA,NA
2013-07-09,37.9523,-121.696,"Confluence",NA,NA,NA,NA,NA,7.9,7.5,NA,23.3,NA,NA,NA,NA,NA,NA,NA,NA,NA
2013-07-09,37.952328,-121.6963577,"Confluence",1.4,0,NA,NA,NA,NA,NA,NA,NA,NA,NA,NA,NA,NA,NA,NA,NA,NA
2013-08-07,38.01589,-121.83952,"Confluence",0,0,0,1.41,1.65,NA,NA,NA,NA,NA,NA,NA,0,0,0,NA,NA,NA
2013-08-07,38.0165,-121.839,"Confluence",NA,NA,NA,NA,NA,6.99,7.79,NA,23.1,NA,NA,NA,NA,NA,NA,NA,NA,NA
2013-08-22,38.3831,-121.521,"Sacramento River",NA,NA,NA,NA,NA,6.8,7.66,NA,23,NA,NA,NA,NA,NA,NA,NA,NA,NA
2013-08-22,38.38312,-121.52057,"Sacramento River",0,0,NA,NA,NA,NA,NA,NA,NA,0,0,0,NA,NA,NA,NA,NA,NA
2013-08-22,38.4157,-121.6752,"North Delta",0,0,NA,NA,NA,NA,NA,NA,NA,0,0,NA,NA,NA,NA,NA,NA,NA
2013-08-22,38.4157,-121.675,"North Delta",NA,NA,NA,NA,NA,8.2,7.83,NA,NA,NA,NA,NA,NA,NA,NA,NA,NA,NA
2013-08-22,38.45004,-121.69365,"North Delta",0,0,NA,NA,NA,NA,NA,NA,NA,0.44,0,NA,NA,NA,NA,NA,NA,NA
2013-08-22,38.45228,-121.70971,"North Delta",0,0,NA,NA,NA,NA,NA,NA,NA,0,0,NA,NA,NA,NA,NA,NA,NA
2013-08-22,38.45475,-121.68433,"North Delta",0,0,NA,NA,NA,NA,NA,NA,NA,0,0,NA,NA,NA,NA,NA,NA,NA
2013-09-04,38.2361,-121.419,"Central Delta",NA,NA,NA,NA,NA,7.9,7.82,NA,15.2,NA,NA,NA,NA,NA,NA,NA,NA,NA
2013-09-04,38.236111,-121.4188919,"Central Delta",0,0,NA,NA,NA,NA,NA,NA,NA,0,0,0,NA,NA,NA,NA,NA,NA
2013-09-17,37.7705,-121.292,"South Delta",NA,NA,NA,NA,NA,8.1,8.31,NA,22,NA,NA,NA,NA,NA,NA,NA,NA,NA
2013-09-17,37.8208,-121.5,"Central Delta",NA,NA,NA,NA,NA,8.1,8.42,NA,22,NA,NA,NA,NA,NA,NA,NA,NA,NA
2013-09-17,37.8418,-121.53,"Central Delta",NA,NA,NA,NA,NA,8.4,8.61,NA,22.8,NA,NA,NA,NA,NA,NA,NA,NA,NA
2013-09-17,37.8819,-121.652,"Central Delta",NA,NA,NA,NA,NA,8.1,8.23,NA,22.5,NA,NA,NA,NA,NA,NA,NA,NA,NA
2013-09-17,37.9475,-121.743,"Confluence",NA,NA,NA,NA,NA,8.3,8.53,NA,22.6,NA,NA,NA,NA,NA,NA,NA,NA,NA
2013-09-17,37.9674,-121.464,"Central Delta",NA,NA,NA,NA,NA,7.9,7.65,NA,23.2,NA,NA,NA,NA,NA,NA,NA,NA,NA
2013-09-17,38.0601,-121.499,"Central Delta",NA,NA,NA,NA,NA,7.9,7.65,NA,22,NA,NA,NA,NA,NA,NA,NA,NA,NA
2013-09-17,38.1156,-121.494,"Central Delta",NA,NA,NA,NA,NA,8.3,8.5,NA,22.3,NA,NA,NA,NA,NA,NA,NA,NA,NA
2013-09-17,38.1159,-121.4949,"Central Delta",0,0,NA,NA,NA,NA,NA,NA,NA,2.8,NA,NA,NA,NA,NA,NA,NA,NA
2013-10-22,38.01589,-121.83952,"Confluence",0,0,0,1.84,1.41,NA,NA,NA,NA,NA,NA,NA,0,0,0,NA,NA,NA
2013-10-22,38.0165,-121.839,"Confluence",NA,NA,NA,NA,NA,7.23,8.06,NA,23.8,NA,NA,NA,NA,NA,NA,NA,NA,NA
2014-02-12,38.01589,-121.83952,"Confluence",5.02,0,1.06,1.96,2.52,NA,NA,NA,NA,NA,NA,NA,0,0,0,NA,NA,NA
2014-02-12,38.0165,-121.839,"Confluence",NA,NA,NA,NA,NA,2.97,7.95,NA,22.7,NA,NA,NA,NA,NA,NA,NA,NA,NA
2014-03-05,37.7705,-121.292,"South Delta",NA,NA,NA,NA,NA,7,8.3,NA,22.3,NA,NA,NA,NA,NA,NA,NA,NA,NA
2014-03-05,37.8208,-121.5,"Central Delta",NA,NA,NA,NA,NA,7.9,8.2,NA,23.1,NA,NA,NA,NA,NA,NA,NA,NA,NA
2014-03-05,37.8418,-121.53,"Central Delta",NA,NA,NA,NA,NA,8,8.19,NA,23,NA,NA,NA,NA,NA,NA,NA,NA,NA
2014-03-05,37.8819,-121.652,"Central Delta",NA,NA,NA,NA,NA,7.3,7.96,NA,22.1,NA,NA,NA,NA,NA,NA,NA,NA,NA
2014-03-05,37.9475,-121.743,"Confluence",NA,NA,NA,NA,NA,8.4,7.95,NA,22.6,NA,NA,NA,NA,NA,NA,NA,NA,NA
2014-03-05,37.9674,-121.464,"Central Delta",NA,NA,NA,NA,NA,8.6,8.34,NA,22.1,NA,NA,NA,NA,NA,NA,NA,NA,NA
2014-03-05,37.9792,-121.57,"Central Delta",NA,NA,NA,NA,NA,7.8,8.17,NA,22.2,NA,NA,NA,NA,NA,NA,NA,NA,NA
2014-03-05,38.0601,-121.499,"Central Delta",NA,NA,NA,NA,NA,8.3,8.41,NA,23,NA,NA,NA,NA,NA,NA,NA,NA,NA
2014-03-05,38.1156,-121.494,"Central Delta",NA,NA,NA,NA,NA,7.8,8.28,NA,23.2,NA,NA,NA,NA,NA,NA,NA,NA,NA
2014-04-15,38.2399,-121.565,"Sacramento River",NA,NA,NA,NA,NA,7,7.28,NA,NA,NA,NA,NA,NA,NA,NA,NA,NA,NA
2014-04-15,38.2399,-121.5649,"Sacramento River",0,0,NA,NA,NA,NA,NA,NA,NA,0,0,NA,NA,NA,NA,NA,NA,NA
2014-04-15,38.3068,-121.693,"North Delta",NA,NA,NA,NA,NA,6.3,7.58,NA,NA,NA,NA,NA,NA,NA,NA,NA,NA,NA
2014-04-15,38.306999,-121.7941971,"North Delta",1.4,0,NA,NA,NA,NA,NA,NA,NA,0,0,NA,NA,NA,NA,NA,NA,NA
2014-04-15,38.307,-121.794,"North Delta",NA,NA,NA,NA,NA,4.1,7.18,NA,NA,NA,NA,NA,NA,NA,NA,NA,NA,NA
2014-04-15,38.4157,-121.6752,"North Delta",0,0,NA,NA,NA,NA,NA,NA,NA,0,0,NA,NA,NA,NA,NA,NA,NA
2014-04-15,38.4157,-121.675,"North Delta",NA,NA,NA,NA,NA,8,7.82,NA,NA,NA,NA,NA,NA,NA,NA,NA,NA,NA
2014-05-21,38.01589,-121.83952,"Confluence",0,0,0,0,1.54,NA,NA,NA,NA,NA,NA,NA,0,0,0,NA,NA,NA
2014-05-21,38.0165,-121.839,"Confluence",NA,NA,NA,NA,NA,5.29,7.51,NA,23.1,NA,NA,NA,NA,NA,NA,NA,NA,NA
2014-06-24,37.9911,-121.696,"Confluence",NA,NA,NA,NA,NA,4.62,7.82,NA,23,NA,NA,NA,NA,NA,NA,NA,NA,NA
2014-06-24,37.99151,-121.7083,"Confluence",4.19,0,0,0,0,NA,NA,NA,NA,NA,NA,NA,0,0,0,NA,NA,NA
2014-08-06,38.01589,-121.83952,"Confluence",0,0,0,0,1.4,NA,NA,NA,NA,NA,NA,NA,0,0,0,NA,NA,NA
2014-08-06,38.0165,-121.839,"Confluence",NA,NA,NA,NA,NA,5.54,7.27,NA,23.3,NA,NA,NA,NA,NA,NA,NA,NA,NA
2014-08-06,38.09317,-122.06359,"Suisun Bay",NA,NA,0.219,0,0.14,NA,NA,NA,NA,NA,NA,NA,0.0146,NA,NA,NA,NA,NA
2014-08-12,38.06552,-122.09704,"Suisun Bay",NA,NA,0.0462,NA,0.0229,NA,NA,NA,NA,NA,NA,NA,0.0125,NA,NA,NA,NA,NA
2014-08-12,38.07339,-122.08813,"Suisun Bay",NA,NA,0.0332,0,0.0155,NA,NA,NA,NA,NA,NA,NA,0.0098,NA,NA,NA,NA,NA
2014-08-12,38.09317,-122.06359,"Suisun Bay",NA,NA,0.0934,0,0.0257,NA,NA,NA,NA,NA,NA,NA,0.0502,NA,NA,NA,NA,NA
2014-08-12,38.11074,-122.04873,"Suisun Bay",NA,NA,0.121,0.0301,0.0756,NA,NA,NA,NA,NA,NA,NA,0.0427,NA,NA,NA,NA,NA
2014-08-12,38.11611,-122.03861,"Suisun Bay",NA,NA,0.0544,0.0133,0.044,NA,NA,NA,NA,NA,NA,NA,0,NA,NA,NA,NA,NA
2014-08-13,38.05944,-121.80972,"Confluence",NA,NA,0.0152,0,0,NA,NA,NA,NA,NA,NA,NA,0,NA,NA,NA,NA,NA
2014-08-19,38.2399,-121.565,"Sacramento River",NA,NA,NA,NA,NA,5.3,7.61,NA,23.3,NA,NA,NA,NA,NA,NA,NA,NA,NA
2014-08-19,38.3068,-121.693,"North Delta",NA,NA,NA,NA,NA,6.2,7.56,NA,22.9,NA,NA,NA,NA,NA,NA,NA,NA,NA
2014-08-19,38.307,-121.794,"North Delta",NA,NA,NA,NA,NA,8.1,7.4,NA,23.3,NA,NA,NA,NA,NA,NA,NA,NA,NA
2014-08-19,38.4157,-121.675,"North Delta",NA,NA,NA,NA,NA,5.6,7.75,NA,23.3,NA,NA,NA,NA,NA,NA,NA,NA,NA
2014-08-27,38.2361,-121.419,"Central Delta",NA,NA,NA,NA,NA,4.44,7.47,NA,22,NA,NA,NA,NA,NA,NA,NA,NA,NA
2014-08-27,38.236111,-121.4188919,"Central Delta",0,0,NA,NA,NA,NA,NA,NA,NA,NA,NA,NA,NA,NA,NA,NA,NA,NA
2014-09-16,37.7705,-121.292,"South Delta",NA,NA,NA,NA,NA,8.3,8.5,NA,22.7,NA,NA,NA,NA,NA,NA,NA,NA,NA
2014-09-16,37.8208,-121.5,"Central Delta",NA,NA,NA,NA,NA,7.3,8.11,NA,22.8,NA,NA,NA,NA,NA,NA,NA,NA,NA
2014-09-16,37.8418,-121.53,"Central Delta",NA,NA,NA,NA,NA,8.3,8.03,NA,22.8,NA,NA,NA,NA,NA,NA,NA,NA,NA
2014-09-16,37.8819,-121.652,"Central Delta",NA,NA,NA,NA,NA,7.1,8.17,NA,22.5,NA,NA,NA,NA,NA,NA,NA,NA,NA
2014-09-16,37.9475,-121.743,"Confluence",NA,NA,NA,NA,NA,8,8.56,NA,22.4,NA,NA,NA,NA,NA,NA,NA,NA,NA
2014-09-16,37.9674,-121.464,"Central Delta",NA,NA,NA,NA,NA,7.6,8.16,NA,22.8,NA,NA,NA,NA,NA,NA,NA,NA,NA
2014-09-16,37.9792,-121.57,"Central Delta",NA,NA,NA,NA,NA,8,8.6,NA,22.7,NA,NA,NA,NA,NA,NA,NA,NA,NA
2014-09-16,38.1156,-121.494,"Central Delta",NA,NA,NA,NA,NA,7.2,8.19,NA,22.5,NA,NA,NA,NA,NA,NA,NA,NA,NA
2014-10-14,38.01589,-121.83952,"Confluence",4.7,0,0,1.8,1.94,NA,NA,NA,NA,NA,NA,NA,0,0,0,NA,NA,NA
2014-10-14,38.0165,-121.839,"Confluence",NA,NA,NA,NA,NA,6.09,7.26,NA,22.8,NA,NA,NA,NA,NA,NA,NA,NA,NA
2015-01-07,38.01589,-121.83952,"Confluence",0,0,0,1.29,1.85,NA,NA,NA,NA,NA,NA,NA,0,0,0,NA,NA,NA
2015-01-07,38.0165,-121.839,"Confluence",NA,NA,NA,NA,NA,5.79,7.83,NA,22.1,NA,NA,NA,NA,NA,NA,NA,NA,NA
2015-03-17,37.7705,-121.292,"South Delta",NA,NA,NA,NA,NA,7.7,8.57,NA,22.7,NA,NA,NA,NA,NA,NA,NA,NA,NA
2015-03-17,37.8189,-121.358,"Central Delta",NA,NA,NA,NA,NA,7.5,8.89,NA,22.7,NA,NA,NA,NA,NA,NA,NA,NA,NA
2015-03-17,37.818932,-121.3582993,"Central Delta",0,0,NA,NA,NA,NA,NA,NA,NA,4.2,NA,NA,NA,NA,NA,NA,NA,NA
2015-03-17,37.8819,-121.652,"Central Delta",NA,NA,NA,NA,NA,7.7,7.99,NA,22.9,NA,NA,NA,NA,NA,NA,NA,NA,NA
2015-03-17,37.9475,-121.743,"Confluence",NA,NA,NA,NA,NA,8,8.54,NA,22.4,NA,NA,NA,NA,NA,NA,NA,NA,NA
2015-03-17,37.9674,-121.464,"Central Delta",NA,NA,NA,NA,NA,8.3,8.05,NA,22.6,NA,NA,NA,NA,NA,NA,NA,NA,NA
2015-03-17,38.0455,-121.469,"Central Delta",NA,NA,NA,NA,NA,7.6,8.17,NA,22.6,NA,NA,NA,NA,NA,NA,NA,NA,NA
2015-03-17,38.0601,-121.499,"Central Delta",NA,NA,NA,NA,NA,7.9,8.2,NA,22.5,NA,NA,NA,NA,NA,NA,NA,NA,NA
2015-03-17,38.1156,-121.494,"Central Delta",NA,NA,NA,NA,NA,8.1,8.24,NA,22.7,NA,NA,NA,NA,NA,NA,NA,NA,NA
2015-03-17,38.133,-121.522,"Central Delta",NA,NA,NA,NA,NA,8.2,8.09,NA,22.7,NA,NA,NA,NA,NA,NA,NA,NA,NA
2015-03-17,38.1526,-121.501,"Central Delta",NA,NA,NA,NA,NA,8,8.09,NA,22.6,NA,NA,NA,NA,NA,NA,NA,NA,NA
2015-03-18,38.3068,-121.693,"North Delta",NA,NA,NA,NA,NA,8.4,7.89,NA,NA,NA,NA,NA,NA,NA,NA,NA,NA,NA
2015-04-21,37.8717,-121.526,"Central Delta",NA,NA,NA,NA,NA,8.3,8.26,NA,22.1,NA,NA,NA,NA,NA,NA,NA,NA,NA
2015-04-21,37.9286,-121.561,"Central Delta",NA,NA,NA,NA,NA,7.8,8.3,NA,22.5,NA,NA,NA,NA,NA,NA,NA,NA,NA
2015-04-21,37.9792,-121.57,"Central Delta",NA,NA,NA,NA,NA,7.7,8.45,NA,21.8,NA,NA,NA,NA,NA,NA,NA,NA,NA
2015-04-21,37.9893,-121.463,"Central Delta",NA,NA,NA,NA,NA,7.7,8.2,NA,22.4,NA,NA,NA,NA,NA,NA,NA,NA,NA
2015-04-21,38.307,-121.794,"North Delta",NA,NA,NA,NA,NA,7.4,7.35,NA,NA,NA,NA,NA,NA,NA,NA,483,NA,NA
2015-04-21,38.4157,-121.675,"North Delta",NA,NA,NA,NA,NA,7.8,7.3,NA,NA,NA,NA,NA,NA,NA,NA,484,NA,NA
2015-04-23,38.2399,-121.565,"Sacramento River",NA,NA,NA,NA,NA,4.5,7.5,NA,NA,NA,NA,NA,NA,NA,NA,439,NA,NA
2015-06-03,38.23829,-121.68128,"North Delta",0,0,0,NA,NA,NA,NA,NA,NA,0,0,0,0,NA,0,NA,0,NA
2015-06-03,38.28838,-121.72302,"North Delta",0,0,0,NA,NA,NA,NA,NA,NA,0,0,0,0,NA,0,NA,NA,NA
2015-06-03,38.2892,-121.66483,"North Delta",0,0,0,NA,NA,NA,NA,NA,NA,0,0,0,0,NA,0,NA,0,NA
2015-06-03,38.33486,-121.6578,"North Delta",0,0,0,NA,NA,NA,NA,NA,NA,0,0,0,0,NA,0,NA,NA,NA
2015-06-03,38.33501,-121.67111,"North Delta",0,0,0,NA,NA,NA,NA,NA,NA,0,0,0,0,NA,0,NA,NA,NA
2015-06-23,37.9911,-121.696,"Confluence",NA,NA,NA,NA,NA,7.34,7.49,NA,24,NA,NA,NA,NA,NA,NA,NA,NA,NA
2015-06-23,37.99151,-121.7083,"Confluence",4.25,2.1,0,0,0,NA,NA,NA,NA,0,0,0,0,0,0,NA,NA,NA
2015-06-23,38.01589,-121.83952,"Confluence",0,0,0,2.88,3.03,NA,NA,NA,NA,0,0,0,0,0,0,NA,NA,NA
2015-06-23,38.0165,-121.839,"Confluence",NA,NA,NA,NA,NA,7.34,7.76,NA,23.1,NA,NA,NA,NA,NA,NA,NA,NA,NA
2015-07-06,38.23829,-121.68128,"North Delta",0,0,0,NA,NA,NA,NA,NA,NA,0,0,0,0,NA,0,NA,NA,NA
2015-07-06,38.28838,-121.72302,"North Delta",0,0,0,NA,NA,NA,NA,NA,NA,0,0,0,0,NA,0,NA,0,NA
2015-07-06,38.2892,-121.66483,"North Delta",0,0,0,NA,NA,NA,NA,NA,NA,0,0,0,0,NA,0,NA,0,NA
2015-07-06,38.33486,-121.6578,"North Delta",0,0,0,NA,NA,NA,NA,NA,NA,0,0,0,0,NA,0,NA,NA,NA
2015-07-06,38.33501,-121.67111,"North Delta",0,0,0,NA,NA,NA,NA,NA,NA,0,0,0,0,NA,0,NA,0,NA
2015-07-15,38.3831,-121.521,"Sacramento River",NA,NA,NA,NA,NA,6.69,7.78,NA,22.8,NA,NA,NA,NA,NA,NA,NA,NA,NA
2015-07-15,38.38312,-121.52057,"Sacramento River",0,0,NA,NA,NA,NA,NA,NA,NA,0,0,0,NA,NA,NA,NA,NA,NA
2015-07-28,37.97183,-121.37362,"Central Delta",0,0,0,0,0,NA,NA,NA,NA,0,0,0,0,NA,0,NA,NA,0
2015-07-28,38.236111,-121.4188919,"Central Delta",0,0,0,0,0,NA,NA,NA,NA,0,0,0,0,NA,0,NA,0,0
2015-07-28,38.306999,-121.7941971,"North Delta",0,0,0,0,0,NA,NA,NA,NA,0,0,0,0,NA,0,NA,0,0
2015-07-28,38.30713,-121.79331,"North Delta",0,0,0,NA,NA,NA,NA,NA,NA,0,0,0,0,NA,0,NA,NA,NA
2015-07-28,38.36771,-121.5205,"Sacramento River",0,0,0,0,0,NA,NA,NA,NA,0,0,0,0,NA,0,NA,NA,0
2015-08-13,38.23829,-121.68128,"North Delta",0,0,0,NA,NA,NA,NA,NA,NA,0,0,0,0,NA,0,NA,NA,NA
2015-08-13,38.28838,-121.72302,"North Delta",0,0,0,NA,NA,NA,NA,NA,NA,0,0,0,0,NA,0,NA,NA,NA
2015-08-13,38.2892,-121.66483,"North Delta",0,0,0,NA,NA,NA,NA,NA,NA,0,0,0,0,NA,0,NA,0,NA
2015-08-13,38.33486,-121.6578,"North Delta",0,0,0,NA,NA,NA,NA,NA,NA,0,0,0,0,NA,0,NA,0,NA
2015-08-13,38.33501,-121.67111,"North Delta",0,0,0,NA,NA,NA,NA,NA,NA,0,0,0,0,NA,0,NA,NA,NA
2015-08-18,37.97183,-121.37362,"Central Delta",0,0,0,0,0,NA,NA,NA,NA,0,0,0,0,NA,0,NA,0,0
2015-08-18,38.236111,-121.4188919,"Central Delta",0,0,0,0,0,NA,NA,NA,NA,0,0,0,0,NA,0,NA,NA,0
2015-08-18,38.3068,-121.693,"North Delta",NA,NA,NA,NA,NA,7.2,7.55,NA,NA,NA,NA,NA,NA,NA,NA,NA,NA,NA
2015-08-18,38.306999,-121.7941971,"North Delta",0,0,0,0,0,NA,NA,NA,NA,0,0,0,0,NA,0,NA,NA,0
2015-08-18,38.307,-121.794,"North Delta",NA,NA,NA,NA,NA,5.4,7.48,NA,NA,NA,NA,NA,NA,NA,NA,NA,NA,NA
2015-08-18,38.30713,-121.79331,"North Delta",0,0,0,NA,NA,NA,NA,NA,NA,0,0,0,0,NA,0,NA,0,NA
2015-08-18,38.36771,-121.5205,"Sacramento River",0,0,0,0,0,NA,NA,NA,NA,0,0,0,0,NA,0,NA,NA,0
2015-08-18,38.4157,-121.675,"North Delta",NA,NA,NA,NA,NA,8,7.47,NA,NA,NA,NA,NA,NA,NA,NA,NA,NA,NA
2015-08-20,38.2399,-121.565,"Sacramento River",NA,NA,NA,NA,NA,6.9,7.74,NA,NA,NA,NA,NA,NA,NA,NA,NA,NA,NA
2015-09-02,38.01589,-121.83952,"Confluence",0,0,0,1.96,1.61,NA,NA,NA,NA,NA,NA,NA,0,0,0,NA,NA,NA
2015-09-02,38.0165,-121.839,"Confluence",NA,NA,NA,NA,NA,8.2,7.59,NA,23,NA,NA,NA,NA,NA,NA,NA,NA,NA
2015-09-15,37.7705,-121.292,"South Delta",NA,NA,NA,NA,NA,8,8.72,NA,22.3,NA,NA,NA,NA,NA,NA,NA,NA,NA
2015-09-15,37.8189,-121.358,"Central Delta",NA,NA,NA,NA,NA,7.3,8.67,NA,23.3,NA,NA,NA,NA,NA,NA,NA,NA,NA
2015-09-15,37.818932,-121.3582993,"Central Delta",0,0,NA,NA,NA,NA,NA,NA,NA,0.66,NA,NA,NA,NA,NA,NA,NA,NA
2015-09-15,37.8717,-121.526,"Central Delta",NA,NA,NA,NA,NA,7.3,8.31,NA,23.5,NA,NA,NA,NA,NA,NA,NA,NA,NA
2015-09-15,37.8819,-121.652,"Central Delta",NA,NA,NA,NA,NA,8.3,8.6,NA,24.5,NA,NA,NA,NA,NA,NA,NA,NA,NA
2015-09-15,37.9286,-121.561,"Central Delta",NA,NA,NA,NA,NA,8,8.22,NA,23.3,NA,NA,NA,NA,NA,NA,NA,NA,NA
2015-09-15,37.9674,-121.464,"Central Delta",NA,NA,NA,NA,NA,8.5,8.42,NA,24.7,NA,NA,NA,NA,NA,NA,NA,NA,NA
2015-09-15,37.9792,-121.57,"Central Delta",NA,NA,NA,NA,NA,7.5,8.21,NA,22.7,NA,NA,NA,NA,NA,NA,NA,NA,NA
2015-09-15,37.9893,-121.463,"Central Delta",NA,NA,NA,NA,NA,8.3,7.92,NA,23.3,NA,NA,NA,NA,NA,NA,NA,NA,NA
2015-09-15,38.0455,-121.469,"Central Delta",NA,NA,NA,NA,NA,8.3,8.48,NA,24.5,NA,NA,NA,NA,NA,NA,NA,NA,NA
2015-09-15,38.0601,-121.499,"Central Delta",NA,NA,NA,NA,NA,8.1,7.91,NA,22.6,NA,NA,NA,NA,NA,NA,NA,NA,NA
2015-09-15,38.1156,-121.494,"Central Delta",NA,NA,NA,NA,NA,8.5,7.99,NA,24.7,NA,NA,NA,NA,NA,NA,NA,NA,NA
2015-09-15,38.133,-121.522,"Central Delta",NA,NA,NA,NA,NA,8.2,8.33,NA,24.5,NA,NA,NA,NA,NA,NA,NA,NA,NA
2015-09-15,38.1526,-121.501,"Central Delta",NA,NA,NA,NA,NA,8,8.23,NA,23.4,NA,NA,NA,NA,NA,NA,NA,NA,NA
2015-09-23,37.97183,-121.37362,"Central Delta",0,0,0,NA,NA,NA,NA,NA,NA,0,0,0,0,NA,0,NA,NA,NA
2015-09-23,38.236111,-121.4188919,"Central Delta",0,0,0,NA,NA,NA,NA,NA,NA,0,0,0,0,NA,0,NA,NA,NA
2015-09-23,38.30713,-121.79331,"North Delta",0,0,0,NA,NA,NA,NA,NA,NA,0,0,0,0,NA,0,NA,0,NA
2015-09-23,38.36771,-121.5205,"Sacramento River",0,0,0,NA,NA,NA,NA,NA,NA,0,0,0,0,NA,0,NA,NA,NA
2015-10-19,38.27425,-121.66417,"North Delta",0,0,0,NA,NA,NA,NA,NA,NA,0,0,0,0,NA,0,NA,0,NA
2015-10-19,38.3491,-121.645,"North Delta",0,0,0,NA,NA,NA,NA,NA,NA,0,0,0,0,NA,0,NA,0,NA
2015-10-19,38.4747806,-121.588225,"North Delta",0,0,0,NA,NA,NA,NA,NA,NA,0,0,0,0,NA,0,NA,0,NA
2015-10-19,38.57282,-121.58257,"North Delta",0,0,0,NA,NA,NA,NA,NA,NA,0,0,0,0,NA,0,NA,NA,NA
2015-10-21,37.97183,-121.37362,"Central Delta",0,0,0,0,0,NA,NA,NA,NA,0,0,0,0,NA,0,NA,0,0
2015-10-21,38.236111,-121.4188919,"Central Delta",0,0,0,0,0,NA,NA,NA,NA,0,0,0,0,NA,0,NA,NA,0
2015-10-21,38.306999,-121.7941971,"North Delta",0,0,0,0,0,NA,NA,NA,NA,0,0,0,0,NA,0,NA,0,0
2015-10-21,38.30713,-121.79331,"North Delta",0,0,0,NA,NA,NA,NA,NA,NA,0,0,0,0,NA,0,NA,0,NA
2015-10-21,38.36771,-121.5205,"Sacramento River",0,0,0,0,0,NA,NA,NA,NA,0,0,0,0,NA,0,NA,NA,0
2015-11-10,37.97183,-121.37362,"Central Delta",0,0,0,0,0,NA,NA,NA,NA,0,0,0,0,NA,0,NA,NA,0
2015-11-10,38.01589,-121.83952,"Confluence",0,0,0,1.31,1.93,NA,NA,NA,NA,NA,NA,NA,0,0,0,NA,NA,NA
2015-11-10,38.0165,-121.839,"Confluence",NA,NA,NA,NA,NA,8.95,7.72,NA,22.9,NA,NA,NA,NA,NA,NA,NA,NA,NA
2015-11-10,38.236111,-121.4188919,"Central Delta",0,0,0,0,0,NA,NA,NA,NA,0,0,0,0,NA,0,NA,NA,0
2015-11-10,38.306999,-121.7941971,"North Delta",0,0,0,0,0,NA,NA,NA,NA,0,0,0,0,NA,0,NA,NA,0
2015-11-10,38.30713,-121.79331,"North Delta",0,0,0,NA,NA,NA,NA,NA,NA,0,0,0,0,NA,0,NA,NA,NA
2015-11-10,38.36771,-121.5205,"Sacramento River",0,0,0,0,0,NA,NA,NA,NA,0,0,0,0,NA,0,NA,NA,0
2015-12-15,37.97183,-121.37362,"Central Delta",0,0,0,NA,NA,NA,NA,NA,NA,0,0,0,0,NA,0,NA,NA,NA
2015-12-15,38.236111,-121.4188919,"Central Delta",0,0,0,NA,NA,NA,NA,NA,NA,0,0,0,0,NA,0,NA,0,NA
2015-12-15,38.30713,-121.79331,"North Delta",0,0,0,NA,NA,NA,NA,NA,NA,0,0,0,0,NA,0,NA,NA,NA
2015-12-15,38.36771,-121.5205,"Sacramento River",0,0,0,NA,NA,NA,NA,NA,NA,0,0,0,0,NA,0,NA,NA,NA
2016-01-19,37.97183,-121.37362,"Central Delta",0,0,0,0,0,NA,NA,NA,NA,0,0,0,0,NA,0,NA,0,0
2016-01-19,38.236111,-121.4188919,"Central Delta",0,0,0,0,0,NA,NA,NA,NA,0,0,0,0,NA,0,NA,NA,0
2016-01-19,38.306999,-121.7941971,"North Delta",0,0,0,0,0,NA,NA,NA,NA,0,0,0,0,NA,0,NA,NA,0
2016-01-19,38.30713,-121.79331,"North Delta",0,0,0,NA,NA,NA,NA,NA,NA,0,0,0,0,NA,0,NA,0,NA
2016-01-19,38.36771,-121.5205,"Sacramento River",0,0,0,0,0,NA,NA,NA,NA,0,0,0,0,NA,0,NA,NA,0
2016-02-02,38.01589,-121.83952,"Confluence",4.48,0,0.881,1.87,3.12,NA,NA,NA,NA,NA,NA,NA,0,0,0,NA,NA,NA
2016-02-02,38.0165,-121.839,"Confluence",NA,NA,NA,NA,NA,7.35,7.35,NA,22.2,NA,NA,NA,NA,NA,NA,NA,NA,NA
2016-02-17,37.97183,-121.37362,"Central Delta",0,0,0,0,0,NA,NA,NA,NA,0,0,0,0,NA,0,NA,NA,0
2016-02-17,38.236111,-121.4188919,"Central Delta",0,0,0,0,0,NA,NA,NA,NA,0,0,0,0,NA,0,NA,NA,0
2016-02-17,38.306999,-121.7941971,"North Delta",0,0,0,0,0,NA,NA,NA,NA,0,0,0,0,NA,0,NA,NA,0
2016-02-17,38.30713,-121.79331,"North Delta",0,0,0,NA,NA,NA,NA,NA,NA,0,0,0,0,NA,0,NA,NA,NA
2016-02-17,38.36771,-121.5205,"Sacramento River",0,0,0,0,0,NA,NA,NA,NA,0,0,0,0,NA,0,NA,NA,0
2016-03-07,37.97183,-121.37362,"Central Delta",0,0,0,NA,NA,NA,NA,NA,NA,0,0,0,0,NA,0,NA,NA,NA
2016-03-07,38.236111,-121.4188919,"Central Delta",0,0,0,NA,NA,NA,NA,NA,NA,0,0,0,0,NA,0,NA,0,NA
2016-03-07,38.30713,-121.79331,"North Delta",0,0,0,NA,NA,NA,NA,NA,NA,0,0,0,0,NA,0,NA,NA,NA
2016-03-07,38.36771,-121.5205,"Sacramento River",0,0,0,NA,NA,NA,NA,NA,NA,0,0,0,0,NA,0,NA,NA,NA
2016-04-19,37.7705,-121.292,"South Delta",NA,NA,NA,NA,NA,8,8.52,NA,22.7,NA,NA,NA,NA,NA,NA,NA,NA,NA
2016-04-19,37.8189,-121.358,"Central Delta",NA,NA,NA,NA,NA,7.6,8.59,NA,22.9,NA,NA,NA,NA,NA,NA,NA,NA,NA
2016-04-19,37.8715,-121.5256,"Central Delta",0,0,NA,NA,NA,NA,NA,NA,NA,0,NA,NA,NA,NA,NA,NA,NA,NA
2016-04-19,37.8717,-121.526,"Central Delta",NA,NA,NA,NA,NA,8,7.97,NA,22.4,NA,NA,NA,NA,NA,NA,NA,NA,NA
2016-04-19,37.9286,-121.561,"Central Delta",NA,NA,NA,NA,NA,7.1,8.45,NA,22.6,NA,NA,NA,NA,NA,NA,NA,NA,NA
2016-04-19,37.9475,-121.743,"Confluence",NA,NA,NA,NA,NA,8,8.37,NA,23,NA,NA,NA,NA,NA,NA,NA,NA,NA
2016-04-19,37.9674,-121.464,"Central Delta",NA,NA,NA,NA,NA,7.9,8.12,NA,22.3,NA,NA,NA,NA,NA,NA,NA,NA,NA
2016-04-19,37.97183,-121.37362,"Central Delta",0,0,0,0,0,NA,NA,NA,NA,0,0,0,0,NA,0,NA,NA,0
2016-04-19,37.9792,-121.57,"Central Delta",NA,NA,NA,NA,NA,7.3,8.4,NA,22.6,NA,NA,NA,NA,NA,NA,NA,NA,NA
2016-04-19,37.9893,-121.463,"Central Delta",NA,NA,NA,NA,NA,7.7,7.94,NA,22.4,NA,NA,NA,NA,NA,NA,NA,NA,NA
2016-04-19,38.0455,-121.469,"Central Delta",NA,NA,NA,NA,NA,7.6,8.25,NA,22.7,NA,NA,NA,NA,NA,NA,NA,NA,NA
2016-04-19,38.0601,-121.499,"Central Delta",NA,NA,NA,NA,NA,8,7.99,NA,22.9,NA,NA,NA,NA,NA,NA,NA,NA,NA
2016-04-19,38.1156,-121.494,"Central Delta",NA,NA,NA,NA,NA,8,7.83,NA,22.3,NA,NA,NA,NA,NA,NA,NA,NA,NA
2016-04-19,38.133,-121.522,"Central Delta",NA,NA,NA,NA,NA,7.8,8.17,NA,22.7,NA,NA,NA,NA,NA,NA,NA,NA,NA
2016-04-19,38.1526,-121.501,"Central Delta",NA,NA,NA,NA,NA,7.8,8.15,NA,23,NA,NA,NA,NA,NA,NA,NA,NA,NA
2016-04-19,38.236111,-121.4188919,"Central Delta",0,0,0,0,0,NA,NA,NA,NA,0,0,0,0,NA,0,NA,NA,0
2016-04-19,38.2399,-121.565,"Sacramento River",NA,NA,NA,NA,NA,9.2,7.72,NA,NA,NA,NA,NA,NA,NA,NA,NA,NA,NA
2016-04-19,38.306999,-121.7941971,"North Delta",0,0,0,0,0,NA,NA,NA,NA,0,0,0,0,NA,0,NA,NA,0
2016-04-19,38.30713,-121.79331,"North Delta",0,0,0,NA,NA,NA,NA,NA,NA,0,0,0,0,NA,0,NA,NA,NA
2016-04-19,38.36771,-121.5205,"Sacramento River",0,0,0,0,0,NA,NA,NA,NA,0,0,0,0,NA,0,NA,0,0
2016-04-19,38.4157,-121.675,"North Delta",NA,NA,NA,NA,NA,8.2,7.72,NA,NA,NA,NA,NA,NA,NA,NA,NA,NA,NA
2016-05-11,38.5404,-121.51288,"Sacramento River",0,0,0,NA,NA,NA,NA,NA,NA,0,0,0,0,NA,0,NA,NA,NA
2016-05-12,38.36771,-121.5205,"Sacramento River",0,0,0,NA,NA,NA,NA,NA,NA,0,0,0,0,NA,0,NA,NA,NA
2016-05-12,38.4347,-121.5192,"Sacramento River",0,0,0,NA,NA,NA,NA,NA,NA,0,0,0,0,NA,0,NA,0,NA
2016-05-12,38.46112,-121.50347,"Sacramento River",0,0,0,NA,NA,NA,NA,NA,NA,0,0,0,0,NA,0,NA,NA,NA
2016-05-13,38.17715,-121.59023,"Sacramento River",0,0,0,NA,NA,NA,NA,NA,NA,0,0,0,0,NA,0,NA,NA,NA
2016-05-13,38.28423,-121.55307,"Sacramento River",0,0,0,NA,NA,NA,NA,NA,NA,0,0,0,0,NA,0,NA,NA,NA
2016-05-18,37.97183,-121.37362,"Central Delta",0,0,0,0,0,NA,NA,NA,NA,0,0,0,0,NA,0,NA,NA,0
2016-05-18,38.236111,-121.4188919,"Central Delta",0,0,0,0,0,NA,NA,NA,NA,0,0,0,0,NA,0,NA,0,0
2016-05-18,38.306999,-121.7941971,"North Delta",0,0,0,0,0,NA,NA,NA,NA,0,0,0,0,NA,0,NA,0,0
2016-05-18,38.30713,-121.79331,"North Delta",0,0,0,NA,NA,NA,NA,NA,NA,0,0,0,0,NA,0,NA,NA,NA
2016-05-18,38.36771,-121.5205,"Sacramento River",0,0,0,0,0,NA,NA,NA,NA,0,0,0,0,NA,0,NA,NA,0
2016-05-25,38.01589,-121.83952,"Confluence",3.62,0,0,1.17,1.41,NA,NA,NA,NA,NA,NA,NA,0,0,NA,NA,NA,NA
2016-05-25,38.0165,-121.839,"Confluence",NA,NA,NA,NA,NA,6.86,7.63,NA,23.2,NA,NA,NA,NA,NA,NA,NA,NA,NA
2016-06-15,37.97183,-121.37362,"Central Delta",0,0,0,NA,NA,NA,NA,NA,NA,0,0,0,0,NA,0,NA,NA,NA
2016-06-15,38.236111,-121.4188919,"Central Delta",0,0,0,NA,NA,NA,NA,NA,NA,0,0,0,0,NA,0,NA,0,NA
2016-06-15,38.30713,-121.79331,"North Delta",0,0,0,NA,NA,NA,NA,NA,NA,0,0,0,0,NA,0,NA,NA,NA
2016-06-15,38.36771,-121.5205,"Sacramento River",0,0,0,NA,NA,NA,NA,NA,NA,0,0,0,0,NA,0,NA,0,NA
2016-07-13,37.97183,-121.37362,"Central Delta",0,0,0,NA,NA,NA,NA,NA,NA,0,0,0,0,NA,0,NA,0,NA
2016-07-13,38.236111,-121.4188919,"Central Delta",0,0,0,NA,NA,NA,NA,NA,NA,0,0,0,0,NA,0,NA,NA,NA
2016-07-13,38.306999,-121.7941971,"North Delta",0,NA,NA,NA,NA,NA,NA,NA,NA,NA,NA,NA,NA,NA,NA,NA,NA,NA
2016-07-13,38.30713,-121.79331,"North Delta",0,0,0,NA,NA,NA,NA,NA,NA,0,0,0,0,NA,0,NA,NA,NA
2016-07-13,38.36771,-121.5205,"Sacramento River",0,0,0,NA,NA,NA,NA,NA,NA,0,0,0,0,NA,0,NA,NA,NA
2016-07-16,38.01589,-121.83952,"Confluence",0,0,0,0,1.52,NA,NA,NA,NA,NA,NA,NA,0,0,NA,NA,NA,NA
2016-07-16,38.0165,-121.839,"Confluence",NA,NA,NA,NA,NA,7.15,7.52,NA,23.2,NA,NA,NA,NA,NA,NA,NA,NA,NA
2016-07-27,37.9911,-121.696,"Confluence",NA,NA,NA,NA,NA,7.06,7.9,NA,23.4,NA,NA,NA,NA,NA,NA,NA,NA,NA
2016-07-27,37.99151,-121.7083,"Confluence",12.8,0,0,0,0,NA,NA,NA,NA,NA,NA,NA,0,0,NA,NA,NA,NA
2016-07-27,38.2361,-121.419,"Central Delta",NA,NA,NA,NA,NA,6.63,7.66,NA,23.2,NA,NA,NA,NA,NA,NA,NA,NA,NA
2016-07-27,38.236111,-121.4188919,"Central Delta",0,0,NA,NA,NA,NA,NA,NA,NA,0,0,0,NA,NA,NA,NA,NA,NA
2016-07-28,38.27425,-121.66417,"North Delta",0,0,0,NA,NA,NA,NA,NA,NA,0,0,0,0,NA,0,NA,0,NA
2016-07-28,38.4747806,-121.588225,"North Delta",0,0,0,NA,NA,NA,NA,NA,NA,0,0,0,0,NA,0,NA,NA,NA
2016-08-02,38.27425,-121.66417,"North Delta",0,0,0,NA,NA,NA,NA,NA,NA,0,0,0,0,NA,0,NA,NA,NA
2016-08-02,38.4747806,-121.588225,"North Delta",0,0,0,NA,NA,NA,NA,NA,NA,0,0,0,0,NA,0,NA,0,NA
2016-08-09,38.27425,-121.66417,"North Delta",0,0,0,NA,NA,NA,NA,NA,NA,0,0,0,0,NA,0,NA,NA,NA
2016-08-09,38.4747806,-121.588225,"North Delta",0,0,0,NA,NA,NA,NA,NA,NA,0,0,0,0,NA,0,NA,NA,NA
2016-08-16,38.4157,-121.675,"North Delta",NA,NA,NA,NA,NA,6.7,7.82,NA,NA,NA,NA,NA,NA,NA,NA,NA,NA,NA
2016-08-17,37.97183,-121.37362,"Central Delta",0,0,0,NA,NA,NA,NA,NA,NA,0,0,0,0,NA,0,NA,NA,NA
2016-08-17,38.236111,-121.4188919,"Central Delta",0,0,0,NA,NA,NA,NA,NA,NA,0,0,0,0,NA,0,NA,NA,NA
2016-08-17,38.306999,-121.7941971,"North Delta",0,NA,NA,NA,NA,NA,NA,NA,NA,NA,NA,NA,NA,NA,NA,NA,NA,NA
2016-08-17,38.30713,-121.79331,"North Delta",0,0,0,NA,NA,NA,NA,NA,NA,0,0,0,0,NA,0,NA,0,NA
2016-08-17,38.36771,-121.5205,"Sacramento River",0,0,0,NA,NA,NA,NA,NA,NA,0,0,0,0,NA,0,NA,NA,NA
2016-09-20,37.7705,-121.292,"South Delta",NA,NA,NA,NA,NA,8,8.1,NA,22,NA,NA,NA,NA,NA,NA,NA,NA,NA
2016-09-20,37.8189,-121.358,"Central Delta",NA,NA,NA,NA,NA,8,8.3,NA,22.7,NA,NA,NA,NA,NA,NA,NA,NA,NA
2016-09-20,37.8717,-121.526,"Central Delta",NA,NA,NA,NA,NA,8.1,8.27,NA,22.8,NA,NA,NA,NA,NA,NA,NA,NA,NA
2016-09-20,37.9286,-121.561,"Central Delta",NA,NA,NA,NA,NA,8.3,7.68,NA,22.6,NA,NA,NA,NA,NA,NA,NA,NA,NA
2016-09-20,37.9674,-121.464,"Central Delta",NA,NA,NA,NA,NA,8,7.83,NA,23,NA,NA,NA,NA,NA,NA,NA,NA,NA
2016-09-20,37.97183,-121.37362,"Central Delta",0,0,0,NA,NA,NA,NA,NA,NA,0,0,0,0,NA,0,NA,NA,NA
2016-09-20,37.9792,-121.57,"Central Delta",NA,NA,NA,NA,NA,8.3,8.25,NA,22.6,NA,NA,NA,NA,NA,NA,NA,NA,NA
2016-09-20,37.9893,-121.463,"Central Delta",NA,NA,NA,NA,NA,7.9,8.38,NA,22.6,NA,NA,NA,NA,NA,NA,NA,NA,NA
2016-09-20,38.0455,-121.469,"Central Delta",NA,NA,NA,NA,NA,7.2,8.47,NA,22.3,NA,NA,NA,NA,NA,NA,NA,NA,NA
2016-09-20,38.0601,-121.499,"Central Delta",NA,NA,NA,NA,NA,8.3,8.28,NA,22.5,NA,NA,NA,NA,NA,NA,NA,NA,NA
2016-09-20,38.1156,-121.494,"Central Delta",NA,NA,NA,NA,NA,8.4,8.29,NA,22.4,NA,NA,NA,NA,NA,NA,NA,NA,NA
2016-09-20,38.133,-121.522,"Central Delta",NA,NA,NA,NA,NA,8.3,8.24,NA,22.6,NA,NA,NA,NA,NA,NA,NA,NA,NA
2016-09-20,38.1526,-121.501,"Central Delta",NA,NA,NA,NA,NA,7.3,8.42,NA,22.7,NA,NA,NA,NA,NA,NA,NA,NA,NA
2016-09-20,38.236111,-121.4188919,"Central Delta",0,0,0,NA,NA,NA,NA,NA,NA,0,0,0,0,NA,0,NA,NA,NA
2016-09-20,38.2399,-121.565,"Sacramento River",NA,NA,NA,NA,NA,8.1,6.6,NA,NA,NA,NA,NA,NA,NA,NA,NA,NA,NA
2016-09-20,38.306999,-121.7941971,"North Delta",0,NA,NA,NA,NA,NA,NA,NA,NA,NA,NA,NA,NA,NA,NA,NA,NA,NA
2016-09-20,38.30713,-121.79331,"North Delta",0,0,0,NA,NA,NA,NA,NA,NA,0,0,0,0,NA,0,NA,NA,NA
2016-09-20,38.36771,-121.5205,"Sacramento River",0,0,0,NA,NA,NA,NA,NA,NA,0,0,0,0,NA,0,NA,0,NA
2016-10-18,37.97183,-121.37362,"Central Delta",0,0,0,NA,NA,NA,NA,NA,NA,0,0,0,0,NA,0,NA,NA,NA
2016-10-18,38.236111,-121.4188919,"Central Delta",0,0,0,NA,NA,NA,NA,NA,NA,0,0,0,0,NA,0,NA,NA,NA
2016-10-18,38.30713,-121.79331,"North Delta",0,0,0,NA,NA,NA,NA,NA,NA,0,0,0,0,NA,0,NA,0,NA
2016-10-18,38.36771,-121.5205,"Sacramento River",0,0,0,NA,NA,NA,NA,NA,NA,0,0,0,0,NA,0,NA,NA,NA
2016-10-24,38.01589,-121.83952,"Confluence",0,0,0,1.64,1.54,NA,NA,NA,NA,NA,NA,NA,0,0,NA,NA,NA,NA
2016-10-24,38.0165,-121.839,"Confluence",NA,NA,NA,NA,NA,7.75,7.18,NA,22.4,NA,NA,NA,NA,NA,NA,NA,NA,NA
2016-10-26,38.5404,-121.51288,"Sacramento River",0,0,0,NA,NA,NA,NA,NA,NA,0,0,0,0,NA,0,NA,0,NA
2016-10-27,38.36771,-121.5205,"Sacramento River",0,0,0,NA,NA,NA,NA,NA,NA,0,0,0,0,NA,0,NA,NA,NA
2016-10-27,38.4347,-121.5192,"Sacramento River",0,0,0,NA,NA,NA,NA,NA,NA,0,0,0,0,NA,0,NA,0,NA
2016-10-27,38.46112,-121.50347,"Sacramento River",0,0,0,NA,NA,NA,NA,NA,NA,0,0,0,0,NA,0,NA,0,NA
2016-10-28,38.17715,-121.59023,"Sacramento River",0,0,0,NA,NA,NA,NA,NA,NA,0,0,0,0,NA,0,NA,0,NA
2016-10-28,38.28423,-121.55307,"Sacramento River",0,0,0,NA,NA,NA,NA,NA,NA,0,0,0,0,NA,0,NA,0,NA
2016-11-14,37.97183,-121.37362,"Central Delta",0,0,0,0,0,NA,NA,NA,NA,0,0,0,0,NA,0,NA,NA,0
2016-11-14,38.236111,-121.4188919,"Central Delta",0,0,0,0,0,NA,NA,NA,NA,0,0,0,0,NA,0,NA,0,0
2016-11-14,38.306999,-121.7941971,"North Delta",0,0,0,0,0,NA,NA,NA,NA,0,0,0,0,NA,0,NA,NA,0
2016-11-14,38.30713,-121.79331,"North Delta",0,0,0,NA,NA,NA,NA,NA,NA,0,0,0,0,NA,0,NA,NA,NA
2016-11-14,38.36771,-121.5205,"Sacramento River",0,0,0,0,0,NA,NA,NA,NA,0,0,0,0,NA,0,NA,0,0
2016-12-16,37.97183,-121.37362,"Central Delta",0,0,0,NA,NA,NA,NA,NA,NA,0,0,0,0,NA,0,NA,NA,NA
2016-12-16,38.236111,-121.4188919,"Central Delta",0,0,0,NA,NA,NA,NA,NA,NA,0,0,0,0,NA,0,NA,0,NA
2016-12-16,38.30713,-121.79331,"North Delta",0,0,0,NA,NA,NA,NA,NA,NA,0,0,0,0,NA,0,NA,0,NA
2016-12-16,38.36771,-121.5205,"Sacramento River",0,0,0,NA,NA,NA,NA,NA,NA,0,0,0,0,NA,0,NA,NA,NA
2017-01-09,37.97183,-121.37362,"Central Delta",0,0,0,0,0,NA,NA,NA,NA,0,0,0,0,NA,0,NA,0,0
2017-01-09,38.236111,-121.4188919,"Central Delta",0,0,0,0,0,NA,NA,NA,NA,0,0,0,0,NA,0,NA,NA,0
2017-01-09,38.306999,-121.7941971,"North Delta",0,0,0,0,0,NA,NA,NA,NA,0,0,0,0,NA,0,NA,NA,0
2017-01-09,38.30713,-121.79331,"North Delta",0,0,0,NA,NA,NA,NA,NA,NA,0,0,0,0,NA,0,NA,NA,NA
2017-01-09,38.36771,-121.5205,"Sacramento River",0,0,0,0,0,NA,NA,NA,NA,0,0,0,0,NA,0,NA,NA,0
2017-01-31,38.01589,-121.83952,"Confluence",3.38,0,0,1.4,2.12,NA,NA,NA,NA,NA,NA,NA,0,0,NA,NA,NA,NA
2017-01-31,38.0165,-121.839,"Confluence",NA,NA,NA,NA,NA,7.71,7.24,NA,21.6,NA,NA,NA,NA,NA,NA,NA,NA,NA
2017-02-28,37.97183,-121.37362,"Central Delta",0,0,0,NA,NA,NA,NA,NA,NA,0,0,0,0,NA,0,NA,NA,NA
2017-02-28,38.236111,-121.4188919,"Central Delta",0,0,0,NA,NA,NA,NA,NA,NA,0,0,0,0,NA,0,NA,NA,NA
2017-02-28,38.30713,-121.79331,"North Delta",0,0,0,NA,NA,NA,NA,NA,NA,0,0,0,0,NA,0,NA,NA,NA
2017-02-28,38.36771,-121.5205,"Sacramento River",0,0,0,NA,NA,NA,NA,NA,NA,0,0,0,0,NA,0,NA,NA,NA
2017-03-14,37.97183,-121.37362,"Central Delta",0,0,0,NA,NA,NA,NA,NA,NA,0,0,0,0,NA,0,NA,NA,NA
2017-03-14,38.236111,-121.4188919,"Central Delta",0,0,0,NA,NA,NA,NA,NA,NA,0,0,0,0,NA,0,NA,0,NA
2017-03-14,38.30713,-121.79331,"North Delta",0,0,0,NA,NA,NA,NA,NA,NA,0,0,0,0,NA,0,NA,NA,NA
2017-03-14,38.36771,-121.5205,"Sacramento River",0,0,0,NA,NA,NA,NA,NA,NA,0,0,0,0,NA,0,NA,0,NA
2017-03-21,37.7705,-121.292,"South Delta",NA,NA,NA,NA,NA,8.1,8.43,NA,21.7,NA,NA,NA,NA,NA,NA,NA,NA,NA
2017-03-21,37.8189,-121.358,"Central Delta",NA,NA,NA,NA,NA,8.2,8.4,NA,22.1,NA,NA,NA,NA,NA,NA,NA,NA,NA
2017-03-21,37.8717,-121.526,"Central Delta",NA,NA,NA,NA,NA,8.2,8.14,NA,21.9,NA,NA,NA,NA,NA,NA,NA,NA,NA
2017-03-21,37.9475,-121.743,"Confluence",NA,NA,NA,NA,NA,8.4,8.18,NA,21.9,NA,NA,NA,NA,NA,NA,NA,NA,NA
2017-03-21,37.9792,-121.57,"Central Delta",NA,NA,NA,NA,NA,8.3,8.07,NA,21.9,NA,NA,NA,NA,NA,NA,NA,NA,NA
2017-03-21,38.1156,-121.494,"Central Delta",NA,NA,NA,NA,NA,7.8,8.45,NA,22.2,NA,NA,NA,NA,NA,NA,NA,NA,NA
2017-03-21,38.1526,-121.501,"Central Delta",NA,NA,NA,NA,NA,8.3,8.46,NA,21.9,NA,NA,NA,NA,NA,NA,NA,NA,NA
2017-04-18,38.4157,-121.675,"North Delta",NA,NA,NA,NA,NA,5.5,7.47,NA,NA,NA,NA,NA,NA,NA,NA,NA,NA,NA
2017-04-25,37.97183,-121.37362,"Central Delta",0,0,0,0,0,NA,NA,NA,NA,0,0,0,0,NA,0,NA,0,0
2017-04-25,38.236111,-121.4188919,"Central Delta",0,0,0,0,0,NA,NA,NA,NA,0,0,0,0,NA,0,NA,NA,0
2017-04-25,38.306999,-121.7941971,"North Delta",0,0,0,0,0,NA,NA,NA,NA,0,0,0,0,NA,0,NA,NA,0
2017-04-25,38.30713,-121.79331,"North Delta",0,0,0,NA,NA,NA,NA,NA,NA,0,0,0,0,NA,0,NA,NA,NA
2017-04-25,38.36771,-121.5205,"Sacramento River",0,0,0,0,0,NA,NA,NA,NA,0,0,0,0,NA,0,NA,0,0
2017-05-08,38.01589,-121.83952,"Confluence",2.33,0.813,0.552,1.12,1,NA,NA,NA,NA,0,0,NA,0,NA,NA,NA,NA,NA
2017-05-08,38.0165,-121.839,"Confluence",NA,NA,NA,NA,NA,6.34,7.6,NA,22.6,NA,NA,NA,NA,NA,NA,NA,NA,NA
2017-05-16,37.97183,-121.37362,"Central Delta",0,0,0,0,0,NA,NA,NA,NA,0,0,0,0,NA,0,NA,NA,0
2017-05-16,38.236111,-121.4188919,"Central Delta",0,0,0,0,0,NA,NA,NA,NA,0,0,0,0,NA,0,NA,0,0
2017-05-16,38.306999,-121.7941971,"North Delta",0,0,0,0,0,NA,NA,NA,NA,0,0,0,0,NA,0,NA,0,0
2017-05-16,38.30713,-121.79331,"North Delta",0,0,0,NA,NA,NA,NA,NA,NA,0,0,0,0,NA,0,NA,NA,NA
2017-05-16,38.36771,-121.5205,"Sacramento River",0,0,0,0,0,NA,NA,NA,NA,0,0,0,0,NA,0,NA,NA,0
2017-06-13,37.97183,-121.37362,"Central Delta",0,0,0,NA,NA,NA,NA,NA,NA,0,0,0,0,NA,0,NA,NA,NA
2017-06-13,38.236111,-121.4188919,"Central Delta",0,0,0,NA,NA,NA,NA,NA,NA,0,0,0,0,NA,0,NA,NA,NA
2017-06-13,38.30713,-121.79331,"North Delta",0,0,0,NA,NA,NA,NA,NA,NA,0,0,0,0,NA,0,NA,NA,NA
2017-06-13,38.36771,-121.5205,"Sacramento River",0,0,0,NA,NA,NA,NA,NA,NA,0,0,0,0,NA,0,NA,NA,NA
2017-06-28,38.21277778,-121.6691667,"North Delta",0,0,0,NA,NA,NA,NA,NA,NA,0,0,0,0,NA,0,NA,NA,NA
2017-06-28,38.27425,-121.66417,"North Delta",0,0,0,NA,NA,NA,NA,NA,NA,0,0,0,0,NA,0,NA,NA,NA
2017-06-28,38.4747806,-121.588225,"North Delta",0,0,0,NA,NA,NA,NA,NA,NA,0,0,0,0,NA,0,NA,NA,NA
2017-07-11,37.9911,-121.696,"Confluence",NA,NA,NA,NA,NA,7.7,7.62,NA,23,NA,NA,NA,NA,NA,NA,NA,NA,NA
2017-07-11,37.99151,-121.7083,"Confluence",0.969,0.188,0.147,0.181,0.362,NA,NA,NA,NA,0.629,0,NA,0,NA,NA,NA,NA,NA
2017-07-11,38.01589,-121.83952,"Confluence",1.99,0.104,0.192,0.424,0.573,NA,NA,NA,NA,0.394,0,NA,0,NA,NA,NA,NA,NA
2017-07-11,38.0165,-121.839,"Confluence",NA,NA,NA,NA,NA,7.49,7.42,NA,22.7,NA,NA,NA,NA,NA,NA,NA,NA,NA
2017-07-11,38.3831,-121.521,"Sacramento River",NA,NA,NA,NA,NA,7.56,7.5,NA,22.7,NA,NA,NA,NA,NA,NA,NA,NA,NA
2017-07-11,38.38312,-121.52057,"Sacramento River",0,0,NA,NA,NA,NA,NA,NA,NA,0,0,NA,NA,NA,NA,NA,NA,NA
2017-07-13,38.21277778,-121.6691667,"North Delta",0,0,0,NA,NA,NA,NA,NA,NA,0,0,0,0,NA,0,NA,NA,NA
2017-07-13,38.27425,-121.66417,"North Delta",0,0,0,NA,NA,NA,NA,NA,NA,0,0,0,0,NA,0,NA,NA,NA
2017-07-13,38.4747806,-121.588225,"North Delta",0,0,0,NA,NA,NA,NA,NA,NA,0,0,0,0,NA,0,NA,NA,NA
2017-07-27,38.21277778,-121.6691667,"North Delta",0,0,0,NA,NA,NA,NA,NA,NA,0,0,0,0,NA,0,NA,NA,NA
2017-07-27,38.27425,-121.66417,"North Delta",0,0,0,NA,NA,NA,NA,NA,NA,0,0,0,0,NA,0,NA,0,NA
2017-07-27,38.4747806,-121.588225,"North Delta",0,0,0,NA,NA,NA,NA,NA,NA,0,0,0,0,NA,0,NA,0,NA
2017-08-10,38.21277778,-121.6691667,"North Delta",0,0,0,NA,NA,NA,NA,NA,NA,0,0,0,0,NA,0,NA,NA,NA
2017-08-10,38.27425,-121.66417,"North Delta",0,0,0,NA,NA,NA,NA,NA,NA,0,0,0,0,NA,0,NA,NA,NA
2017-08-10,38.4747806,-121.588225,"North Delta",0,0,0,NA,NA,NA,NA,NA,NA,0,0,0,0,NA,0,NA,NA,NA
2017-08-29,38.53207,-121.52803,"Sacramento River",0,0,0,NA,NA,NA,NA,NA,NA,0,0,0,0,NA,0,NA,0,NA
2017-08-30,38.21277778,-121.6691667,"North Delta",0,0,0,NA,NA,NA,NA,NA,NA,0,0,0,0,NA,0,NA,NA,NA
2017-08-30,38.27425,-121.66417,"North Delta",0,0,0,NA,NA,NA,NA,NA,NA,0,0,0,0,NA,0,NA,NA,NA
2017-08-30,38.4747806,-121.588225,"North Delta",0,0,0,NA,NA,NA,NA,NA,NA,0,0,0,0,NA,0,NA,NA,NA
2017-09-12,38.53207,-121.52803,"Sacramento River",0,0,0,NA,NA,NA,NA,NA,NA,0,0,0,0,NA,0,NA,0,NA
2017-09-13,38.21277778,-121.6691667,"North Delta",0,0,0,NA,NA,NA,NA,NA,NA,0,0,0,0,NA,0,NA,0,NA
2017-09-13,38.27425,-121.66417,"North Delta",0,0,0,NA,NA,NA,NA,NA,NA,0,0,0,0,NA,0,NA,NA,NA
2017-09-13,38.4747806,-121.588225,"North Delta",0,0,0,NA,NA,NA,NA,NA,NA,0,0,0,0,NA,0,NA,NA,NA
2017-09-19,37.7705,-121.292,"South Delta",NA,NA,NA,NA,NA,7.4,8.3,NA,22.5,NA,NA,NA,NA,NA,NA,NA,NA,NA
2017-09-19,37.8189,-121.358,"Central Delta",NA,NA,NA,NA,NA,8.2,8.55,NA,22.5,NA,NA,NA,NA,NA,NA,NA,NA,NA
2017-09-19,37.8715,-121.5256,"Central Delta",0,0,NA,NA,NA,NA,NA,NA,NA,0,NA,NA,NA,NA,NA,NA,NA,NA
2017-09-19,37.8717,-121.526,"Central Delta",NA,NA,NA,NA,NA,6.8,8.25,NA,22.1,NA,NA,NA,NA,NA,NA,NA,NA,NA
2017-09-19,37.9792,-121.57,"Central Delta",NA,NA,NA,NA,NA,7.4,8.32,NA,22.8,NA,NA,NA,NA,NA,NA,NA,NA,NA
2017-09-19,38.01589,-121.83952,"Confluence",1.53,0.102,0.152,0.411,0.692,NA,NA,NA,NA,NA,NA,NA,0,NA,NA,NA,NA,NA
2017-09-19,38.0165,-121.839,"Confluence",NA,NA,NA,NA,NA,7.26,7.76,NA,23,NA,NA,NA,NA,NA,NA,NA,NA,NA
2017-09-19,38.1526,-121.501,"Central Delta",NA,NA,NA,NA,NA,7.4,8.38,NA,22.4,NA,NA,NA,NA,NA,NA,NA,NA,NA
2017-09-19,38.53207,-121.52803,"Sacramento River",0,0,0,NA,NA,NA,NA,NA,NA,0,0,0,0,NA,0,NA,NA,NA
2017-09-20,38.21277778,-121.6691667,"North Delta",0,0,0,NA,NA,NA,NA,NA,NA,0,0,0,0,NA,0,NA,NA,NA
2017-09-20,38.27425,-121.66417,"North Delta",0,0,0,NA,NA,NA,NA,NA,NA,0,0,0,0,NA,0,NA,NA,NA
2017-09-20,38.4747806,-121.588225,"North Delta",0,0,0,NA,NA,NA,NA,NA,NA,0,0,0,0,NA,0,NA,NA,NA
2017-10-03,38.53207,-121.52803,"Sacramento River",0,0,0,NA,NA,NA,NA,NA,NA,0,0,0,0,NA,0,NA,0,NA
2017-10-04,38.21277778,-121.6691667,"North Delta",0,0,0,NA,NA,NA,NA,NA,NA,0,0,0,0,NA,0,NA,NA,NA
2017-10-04,38.27425,-121.66417,"North Delta",0,0,0,NA,NA,NA,NA,NA,NA,0,0,0,0,NA,0,NA,NA,NA
2017-10-04,38.4747806,-121.588225,"North Delta",0,0,0,NA,NA,NA,NA,NA,NA,0,0,0,0,NA,0,NA,NA,NA
2017-10-18,38.21277778,-121.6691667,"North Delta",0,0,0,NA,NA,NA,NA,NA,NA,0,0,0,0,NA,0,NA,NA,NA
2017-10-18,38.27425,-121.66417,"North Delta",0,0,0,NA,NA,NA,NA,NA,NA,0,0,0,0,NA,0,NA,NA,NA
2017-10-18,38.4747806,-121.588225,"North Delta",0,0,0,NA,NA,NA,NA,NA,NA,0,0,0,0,NA,0,NA,NA,NA
2017-10-19,38.53207,-121.52803,"Sacramento River",0,0,0,NA,NA,NA,NA,NA,NA,0,0,0,0,NA,0,NA,0,NA
2017-11-01,38.21277778,-121.6691667,"North Delta",0,0,0,NA,NA,NA,NA,NA,NA,0,0,0,0,NA,0,NA,0,NA
2017-11-01,38.27425,-121.66417,"North Delta",0,0,0,NA,NA,NA,NA,NA,NA,0,0,0,0,NA,0,NA,NA,NA
2017-11-01,38.4747806,-121.588225,"North Delta",0,0,0,NA,NA,NA,NA,NA,NA,0,0,0,0,NA,0,NA,NA,NA
2017-11-01,38.53207,-121.52803,"Sacramento River",0,0,0,NA,NA,NA,NA,NA,NA,0,0,0,0,NA,0,NA,0,NA
2018-02-21,38.0165,-121.839,"Confluence",NA,NA,NA,NA,NA,5.05,7.47,NA,22.8,NA,NA,NA,NA,NA,NA,NA,NA,NA
2018-03-14,37.7705,-121.292,"South Delta",NA,NA,NA,NA,NA,8.7,8.03,NA,21.5,NA,NA,NA,NA,NA,NA,NA,NA,NA
2018-03-14,37.8717,-121.526,"Central Delta",NA,NA,NA,NA,NA,7.2,7.86,NA,22.2,NA,NA,NA,NA,NA,NA,NA,NA,NA
2018-03-14,37.9792,-121.57,"Central Delta",NA,NA,NA,NA,NA,7.4,7.95,NA,20.8,NA,NA,NA,NA,NA,NA,NA,NA,NA
2018-03-14,38.1526,-121.501,"Central Delta",NA,NA,NA,NA,NA,8.2,7.89,NA,21.5,NA,NA,NA,NA,NA,NA,NA,NA,NA
2018-04-17,38.2399,-121.565,"Sacramento River",NA,NA,NA,NA,NA,8.3,7.65,NA,NA,NA,NA,NA,NA,NA,NA,NA,NA,NA
2018-04-17,38.306999,-121.7941971,"North Delta",0.38,0.51,NA,NA,NA,NA,NA,NA,NA,0,0,NA,NA,NA,NA,NA,NA,NA
2018-04-17,38.307,-121.794,"North Delta",NA,NA,NA,NA,NA,8.3,8.2,NA,NA,NA,NA,NA,NA,NA,NA,NA,NA,NA
2018-05-09,38.01589,-121.83952,"Confluence",0,0,0.749,2.18,1.29,NA,NA,NA,NA,NA,NA,NA,0,NA,NA,NA,NA,NA
2018-05-09,38.0165,-121.839,"Confluence",NA,NA,NA,NA,NA,7.82,7.73,NA,22.2,NA,NA,NA,NA,NA,NA,NA,NA,NA
2018-05-15,38.3068,-121.693,"North Delta",NA,NA,NA,NA,NA,6.6,7.46,NA,NA,NA,NA,NA,NA,NA,NA,NA,NA,NA
2018-06-27,37.9911,-121.696,"Confluence",NA,NA,NA,NA,NA,4.47,8.06,NA,23.5,NA,NA,NA,NA,NA,NA,NA,NA,NA
2018-06-27,37.99151,-121.7083,"Confluence",0.973,0,0.399,0.452,0.936,NA,NA,NA,NA,NA,NA,NA,0,NA,NA,NA,NA,NA
2018-07-10,38.2361,-121.419,"Central Delta",NA,NA,NA,NA,NA,5.93,7.55,NA,22.9,NA,NA,NA,NA,NA,NA,NA,NA,NA
2018-07-10,38.236111,-121.4188919,"Central Delta",0,0,NA,NA,NA,NA,NA,NA,NA,NA,NA,NA,NA,NA,NA,NA,NA,NA
2018-07-10,38.3831,-121.521,"Sacramento River",NA,NA,NA,NA,NA,6.19,7.67,NA,23,NA,NA,NA,NA,NA,NA,NA,NA,NA
2018-07-10,38.38312,-121.52057,"Sacramento River",0,0,NA,NA,NA,NA,NA,NA,NA,NA,NA,NA,NA,NA,NA,NA,NA,NA
2018-07-11,38.21277778,-121.6691667,"North Delta",0,0,0,NA,NA,NA,NA,NA,NA,0,0,0,0,NA,0,NA,NA,NA
2018-07-11,38.27425,-121.66417,"North Delta",0,0,0,NA,NA,NA,NA,NA,NA,0,0,0,0,NA,0,NA,NA,NA
2018-07-11,38.4747806,-121.588225,"North Delta",0,0,0,NA,NA,NA,NA,NA,NA,0,0,0,0,NA,0,NA,0,NA
2018-07-12,38.53207,-121.52803,"Sacramento River",0,0,0,NA,NA,NA,NA,NA,NA,0,0,0,0,NA,0,NA,NA,NA
2018-07-17,37.9625,-121.687,"Confluence",NA,NA,NA,NA,NA,3.6,7.2,NA,23.2,NA,NA,NA,NA,NA,NA,NA,NA,NA
2018-07-24,38.55234,-121.62917,"North Delta",0,0,NA,NA,NA,NA,NA,NA,NA,NA,NA,NA,NA,NA,NA,NA,NA,NA
2018-07-25,38.53207,-121.52803,"Sacramento River",0,0,0,NA,NA,NA,NA,NA,NA,0,0,0,0,NA,0,NA,NA,NA
2018-07-26,38.21277778,-121.6691667,"North Delta",0,0,0,NA,NA,NA,NA,NA,NA,0,0,0,0,NA,0,NA,NA,NA
2018-07-26,38.27425,-121.66417,"North Delta",0,0,0,NA,NA,NA,NA,NA,NA,0,0,0,0,NA,0,NA,NA,NA
2018-07-26,38.4747806,-121.588225,"North Delta",0,0,0,NA,NA,NA,NA,NA,NA,0,0,0,0,NA,0,NA,NA,NA
2018-08-08,38.21277778,-121.6691667,"North Delta",0,0,0,NA,NA,NA,NA,NA,NA,0,0,0,0,NA,0,NA,NA,NA
2018-08-08,38.27425,-121.66417,"North Delta",0,0,0,NA,NA,NA,NA,NA,NA,0,0,0,0,NA,0,NA,NA,NA
2018-08-08,38.4747806,-121.588225,"North Delta",0,0,0,NA,NA,NA,NA,NA,NA,0,0,0,0,NA,0,NA,0,NA
2018-08-09,38.53207,-121.52803,"Sacramento River",0,0,0,NA,NA,NA,NA,NA,NA,0,0,0,0,NA,0,NA,NA,NA
2018-08-20,38.07633,-122.10425,"Suisun Bay",NA,NA,0,0,0,NA,NA,NA,NA,NA,NA,NA,0,NA,NA,NA,NA,NA
2018-08-20,38.09945,-122.04658,"Suisun Bay",NA,NA,0,0,0,NA,NA,NA,NA,NA,NA,NA,0,NA,NA,NA,NA,NA
2018-08-20,38.11074,-122.04873,"Suisun Bay",NA,NA,0,0,0,NA,NA,NA,NA,NA,NA,NA,0,NA,NA,NA,NA,NA
2018-08-20,38.11117,-122.05847,"Suisun Bay",NA,NA,0,0,0,NA,NA,NA,NA,NA,NA,NA,0,NA,NA,NA,NA,NA
2018-08-20,38.11611,-122.03861,"Suisun Bay",NA,NA,0,0,0,NA,NA,NA,NA,NA,NA,NA,0,NA,NA,NA,NA,NA
2018-08-21,38.05944,-121.80972,"Confluence",NA,NA,0,0,0,NA,NA,NA,NA,NA,NA,NA,0,NA,NA,NA,NA,NA
2018-08-21,38.4747806,-121.588225,"North Delta",0,0,0,NA,NA,NA,NA,NA,NA,0,0,0,0,NA,0,NA,NA,NA
2018-08-22,38.21277778,-121.6691667,"North Delta",0,0,0,NA,NA,NA,NA,NA,NA,0,0,0,0,NA,0,NA,0,NA
2018-08-22,38.27425,-121.66417,"North Delta",0,0,0,NA,NA,NA,NA,NA,NA,0,0,0,0,NA,0,NA,NA,NA
2018-08-23,38.53207,-121.52803,"Sacramento River",0,0,0,NA,NA,NA,NA,NA,NA,0,0,0,0,NA,0,NA,NA,NA
2018-08-30,38.21277778,-121.6691667,"North Delta",0,0,0,NA,NA,NA,NA,NA,NA,0,0,0,0,NA,0,NA,0,NA
2018-08-30,38.27425,-121.66417,"North Delta",0,0,0,NA,NA,NA,NA,NA,NA,0,0,0,0,NA,0,NA,0,NA
2018-08-30,38.4747806,-121.588225,"North Delta",0,0,0,NA,NA,NA,NA,NA,NA,0,0,0,0,NA,0,NA,NA,NA
2018-09-04,38.4747806,-121.588225,"North Delta",0,0,0,NA,NA,NA,NA,NA,NA,0,0,0,0,NA,0,NA,NA,NA
2018-09-05,38.21277778,-121.6691667,"North Delta",0,0,0,NA,NA,NA,NA,NA,NA,0,0,0,0,NA,0,NA,NA,NA
2018-09-05,38.27425,-121.66417,"North Delta",0,0,0,NA,NA,NA,NA,NA,NA,0,0,0,0,NA,0,NA,0,NA
2018-09-06,38.53207,-121.52803,"Sacramento River",0,0,0,NA,NA,NA,NA,NA,NA,0,0,0,0,NA,0,NA,NA,NA
2018-09-18,37.7705,-121.292,"South Delta",NA,NA,NA,NA,NA,8,8.21,NA,20.8,NA,NA,NA,NA,NA,NA,NA,NA,NA
2018-09-18,37.9792,-121.57,"Central Delta",NA,NA,NA,NA,NA,7.1,8.13,NA,24.3,NA,NA,NA,NA,NA,NA,NA,NA,NA
2018-09-18,38.1526,-121.501,"Central Delta",NA,NA,NA,NA,NA,8.1,7.82,NA,24.4,NA,NA,NA,NA,NA,NA,NA,NA,NA
2018-09-19,38.21277778,-121.6691667,"North Delta",0,0,0,NA,NA,NA,NA,NA,NA,0,0,0,0,NA,0,NA,NA,NA
2018-09-19,38.27425,-121.66417,"North Delta",0,0,0,NA,NA,NA,NA,NA,NA,0,0,0,0,NA,0,NA,0,NA
2018-09-19,38.4747806,-121.588225,"North Delta",0,0,0,NA,NA,NA,NA,NA,NA,0,0,0,0,NA,0,NA,NA,NA
2018-09-20,38.53207,-121.52803,"Sacramento River",0,0,0,NA,NA,NA,NA,NA,NA,0,0,0,0,NA,0,NA,0,NA
2018-10-10,38.21277778,-121.6691667,"North Delta",0,0,0,NA,NA,NA,NA,NA,NA,0,0,0,0,NA,0,NA,0,NA
2018-10-10,38.27425,-121.66417,"North Delta",0,0,0,NA,NA,NA,NA,NA,NA,0,0,0,0,NA,0,NA,NA,NA
2018-10-10,38.4747806,-121.588225,"North Delta",0,0,0,NA,NA,NA,NA,NA,NA,0,0,0,0,NA,0,NA,0,NA
2018-10-11,38.53207,-121.52803,"Sacramento River",0,0,0,NA,NA,NA,NA,NA,NA,0,0,0,0,NA,0,NA,NA,NA
2018-10-16,38.0165,-121.839,"Confluence",NA,NA,NA,NA,NA,6.22,7.97,NA,23,NA,NA,NA,NA,NA,NA,NA,NA,NA
2018-10-25,38.21277778,-121.6691667,"North Delta",0,0,0,NA,NA,NA,NA,NA,NA,0,0,0,0,NA,0,NA,NA,NA
2018-10-25,38.27425,-121.66417,"North Delta",0,0,0,NA,NA,NA,NA,NA,NA,0,0,0,0,NA,0,NA,NA,NA
2018-10-25,38.4747806,-121.588225,"North Delta",0,0,0,NA,NA,NA,NA,NA,NA,0,0,0,0,NA,0,NA,0,NA
2018-10-26,38.53207,-121.52803,"Sacramento River",0,0,0,NA,NA,NA,NA,NA,NA,0,0,0,0,NA,0,NA,NA,NA
2018-11-08,38.4747806,-121.588225,"North Delta",0,0,0,NA,NA,NA,NA,NA,NA,0,0,0,0,NA,0,NA,0,NA
2018-11-09,38.53207,-121.52803,"Sacramento River",0,0,0,NA,NA,NA,NA,NA,NA,0,0,0,0,NA,0,NA,NA,NA
2018-12-18,38.30713,-121.79331,"North Delta",0,0,0,NA,NA,NA,NA,NA,NA,0,0,0,0,NA,0,NA,NA,NA
2018-12-19,37.97183,-121.37362,"Central Delta",0,0,0,NA,NA,NA,NA,NA,NA,0,0,0,0,NA,0,NA,0,NA
2018-12-19,38.16498056,-121.621,"Sacramento River",0,0,0,NA,NA,NA,NA,NA,NA,0,0,0,0,NA,0,NA,NA,NA
2018-12-19,38.26105,-121.748,"North Delta",0,0,0,NA,NA,NA,NA,NA,NA,0,0,0,0,NA,0,NA,0,NA
2018-12-19,38.26206944,-121.651,"Sacramento River",0,0,0,NA,NA,NA,NA,NA,NA,0,0,0,0,NA,0,NA,NA,NA
2018-12-19,38.27951944,-121.661,"North Delta",0,0,0,NA,NA,NA,NA,NA,NA,0,0,0,0,NA,0,NA,0,NA
2019-02-04,38.30713,-121.79331,"North Delta",0,0,0,NA,NA,NA,NA,NA,NA,0,0,0,0,NA,0,NA,NA,NA
2019-02-05,38.25213889,-121.676,"North Delta",0,0,0,NA,NA,NA,NA,NA,NA,0,0,0,0,NA,0,NA,NA,NA
2019-02-05,38.25905,-121.668,"North Delta",0,0,0,NA,NA,NA,NA,NA,NA,0,0,0,0,NA,0,NA,NA,NA
2019-02-05,38.27121944,-121.703,"North Delta",0,0,0,NA,NA,NA,NA,NA,NA,0,0,0,0,NA,0,NA,NA,NA
2019-02-05,38.2743,-121.674,"North Delta",0,0,0,NA,NA,NA,NA,NA,NA,0,0,0,0,NA,0,NA,NA,NA
2019-02-06,37.97183,-121.37362,"Central Delta",0,0,0,NA,NA,NA,NA,NA,NA,0,0,0,0,NA,0,NA,0,NA
2019-02-06,38.23916944,-121.521,"Sacramento River",0,0,0,NA,NA,NA,NA,NA,NA,0,0,0,0,NA,0,NA,NA,NA
2019-02-06,38.294,-121.5824389,"Sacramento River",0,0,0,NA,NA,NA,NA,NA,NA,0,0,0,0,NA,0,NA,NA,NA
2019-03-19,37.7705,-121.292,"South Delta",NA,NA,NA,NA,NA,7.1,8.01,NA,23.3,NA,NA,NA,NA,NA,NA,NA,NA,NA
2019-03-19,37.8189,-121.358,"Central Delta",NA,NA,NA,NA,NA,7.7,7.76,NA,22.3,NA,NA,NA,NA,NA,NA,NA,NA,NA
2019-03-19,37.8717,-121.526,"Central Delta",NA,NA,NA,NA,NA,7.8,8.2,NA,23.4,NA,NA,NA,NA,NA,NA,NA,NA,NA
2019-03-19,37.9674,-121.464,"Central Delta",NA,NA,NA,NA,NA,8.3,8.25,NA,22.4,NA,NA,NA,NA,NA,NA,NA,NA,NA
2019-03-19,38.1156,-121.494,"Central Delta",NA,NA,NA,NA,NA,7.6,8.29,NA,23.3,NA,NA,NA,NA,NA,NA,NA,NA,NA
2019-04-16,38.2399,-121.565,"Sacramento River",NA,NA,NA,NA,NA,7.6,7.6,NA,NA,NA,NA,NA,NA,NA,NA,NA,NA,NA
2019-04-18,38.307,-121.794,"North Delta",NA,NA,NA,NA,NA,5.5,7.6,NA,NA,NA,NA,NA,NA,NA,NA,NA,NA,NA
2019-04-29,38.30713,-121.79331,"North Delta",0,0,0,NA,NA,NA,NA,NA,NA,0,0,0,0,NA,0,NA,0,NA
2019-04-30,37.97183,-121.37362,"Central Delta",0,0,0,NA,NA,NA,NA,NA,NA,0,0,0,0,NA,0,NA,0,NA
2019-04-30,38.18898889,-121.641,"Sacramento River",0,0,0,NA,NA,NA,NA,NA,NA,0,0,0,0,NA,0,NA,NA,NA
2019-04-30,38.24023889,-121.602,"Sacramento River",0,0,0,NA,NA,NA,NA,NA,NA,0,0,0,0,NA,0,NA,0,NA
2019-04-30,38.24956944,-121.675,"North Delta",0,0,0,NA,NA,NA,NA,NA,NA,0,0,0,0,NA,0,NA,NA,NA
2019-04-30,38.2824111,-121.681,"North Delta",0,0,0,NA,NA,NA,NA,NA,NA,0,0,0,0,NA,0,NA,NA,NA
2019-04-30,38.30568056,-121.657,"North Delta",0,0,0,NA,NA,NA,NA,NA,NA,0,0,0,0,NA,0,NA,0,NA
2019-04-30,38.46178056,-121.589,"North Delta",0,0,0,NA,NA,NA,NA,NA,NA,0,0,0,0,NA,0,NA,NA,NA
2019-05-16,38.0165,-121.839,"Confluence",NA,NA,NA,NA,NA,3.79,7.55,NA,22.9,NA,NA,NA,NA,NA,NA,NA,NA,NA
2019-05-23,38.3068,-121.693,"North Delta",NA,NA,NA,NA,NA,6.2,7.6,NA,NA,NA,NA,NA,NA,NA,NA,NA,NA,NA
2019-06-17,37.97183,-121.37362,"Central Delta",0,0,0,NA,NA,NA,NA,NA,NA,0,0,0,0,NA,0,NA,NA,NA
2019-06-17,38.30713,-121.79331,"North Delta",0,0,0,NA,NA,NA,NA,NA,NA,0,0,0,0,NA,0,NA,0,NA
2019-06-17,38.47371944,-121.5202667,"Sacramento River",0,0,0,NA,NA,NA,NA,NA,NA,0,0,0,0,NA,0,NA,NA,NA
2019-06-18,38.194725,-121.6190722,"Sacramento River",0,0,0,NA,NA,NA,NA,NA,NA,0,0,0,0,NA,0,NA,NA,NA
2019-06-18,38.2081972,-121.663061,"North Delta",0,0,0,NA,NA,NA,NA,NA,NA,0,0,0,0,NA,0,NA,NA,NA
2019-06-18,38.25806389,-121.7257972,"North Delta",0,0,0,NA,NA,NA,NA,NA,NA,0,0,0,0,NA,0,NA,NA,NA
2019-06-18,38.26788889,-121.663211,"North Delta",0,0,0,NA,NA,NA,NA,NA,NA,0,0,0,0,NA,0,NA,NA,NA
2019-06-18,38.38195,-121.6260139,"North Delta",0,0,0,NA,NA,NA,NA,NA,NA,0,0,0,0,NA,0,NA,NA,NA
2019-07-02,37.9911,-121.696,"Confluence",NA,NA,NA,NA,NA,5.8,8,NA,22.6,NA,NA,NA,NA,NA,NA,NA,NA,NA
2019-07-02,37.99151,-121.7083,"Confluence",1.58,0,0.8,3.09,1.26,NA,NA,NA,NA,NA,NA,NA,0,NA,NA,NA,NA,NA
2019-07-17,38.3831,-121.521,"Sacramento River",NA,NA,NA,NA,NA,7.08,7.2,NA,22.5,NA,NA,NA,NA,NA,NA,NA,NA,NA
2019-07-17,38.38312,-121.52057,"Sacramento River",0,0,NA,NA,NA,NA,NA,NA,NA,NA,NA,NA,NA,NA,NA,NA,NA,NA
2019-07-18,38.2361,-121.419,"Central Delta",NA,NA,NA,NA,NA,5.46,7.47,NA,23.1,NA,NA,NA,NA,NA,NA,NA,NA,NA
2019-07-23,37.938,-121.707,"Confluence",NA,NA,NA,NA,NA,3.4,7.23,NA,22.8,NA,NA,NA,NA,NA,NA,NA,NA,NA
2019-07-29,37.97183,-121.37362,"Central Delta",0,0,0,NA,NA,NA,NA,NA,NA,0,0,0,0,NA,0,NA,NA,NA
2019-07-29,38.3143583,-121.5772333,"Sacramento River",0,0,0,NA,NA,NA,NA,NA,NA,0,0,0,0,NA,0,NA,0,NA
2019-07-29,38.4588083,-121.5023944,"Sacramento River",0,0,0,NA,NA,NA,NA,NA,NA,0,0,0,0,NA,0,NA,NA,NA
2019-07-30,38.26025,-121.6788583,"North Delta",0,0,0,NA,NA,NA,NA,NA,NA,0,0,0,0,NA,0,NA,0,NA
2019-07-30,38.27880556,-121.6777972,"North Delta",0,0,0,NA,NA,NA,NA,NA,NA,0,0,0,0,NA,0,NA,NA,NA
2019-07-30,38.2832972,-121.6857694,"North Delta",0,0,0,NA,NA,NA,NA,NA,NA,0,0,0,0,NA,0,NA,NA,NA
2019-07-30,38.30713,-121.79331,"North Delta",0,0,0,NA,NA,NA,NA,NA,NA,0,0,0,0,NA,0,NA,0,NA
2019-07-30,38.4330083,-121.6028833,"North Delta",0,0,0,NA,NA,NA,NA,NA,NA,0,0,0,0,NA,0,NA,0,NA
2019-08-21,38.2399,-121.565,"Sacramento River",NA,NA,NA,NA,NA,5,7.3,NA,NA,NA,NA,NA,NA,NA,NA,NA,NA,NA
2019-08-21,38.307,-121.794,"North Delta",NA,NA,NA,NA,NA,7.7,7.86,NA,NA,NA,NA,NA,NA,NA,NA,NA,NA,NA
2019-08-22,38.3068,-121.693,"North Delta",NA,NA,NA,NA,NA,7.8,7.6,NA,NA,NA,NA,NA,NA,NA,NA,NA,NA,NA
2019-09-16,37.97183,-121.37362,"Central Delta",0,0,0,NA,NA,NA,NA,NA,NA,0,0,0,0,NA,0,NA,NA,NA
2019-09-16,38.30713,-121.79331,"North Delta",0,0,0,NA,NA,NA,NA,NA,NA,0,0,0,0,NA,0,NA,NA,NA
2019-09-16,38.51454167,-121.5456278,"Sacramento River",0,0,0,NA,NA,NA,NA,NA,NA,0,0,0,0,NA,0,NA,0,NA
2019-09-17,37.7705,-121.292,"South Delta",NA,NA,NA,NA,NA,7.5,7.98,NA,24,NA,NA,NA,NA,NA,NA,NA,NA,NA
2019-09-17,37.8189,-121.358,"Central Delta",NA,NA,NA,NA,NA,8.4,8.62,NA,23,NA,NA,NA,NA,NA,NA,NA,NA,NA
2019-09-17,37.8717,-121.526,"Central Delta",NA,NA,NA,NA,NA,8.4,8.43,NA,22,NA,NA,NA,NA,NA,NA,NA,NA,NA
2019-09-17,38.184875,-121.661011,"North Delta",0,0,0,NA,NA,NA,NA,NA,NA,0,0,0,0,NA,0,NA,NA,NA
2019-09-17,38.1927222,-121.567525,"Sacramento River",0,0,0,NA,NA,NA,NA,NA,NA,0,0,0,0,NA,0,NA,NA,NA
2019-09-17,38.27899444,-121.6877889,"North Delta",0,0,0,NA,NA,NA,NA,NA,NA,0,0,0,0,NA,0,NA,NA,NA
2019-09-17,38.301075,-121.729775,"North Delta",0,0,0,NA,NA,NA,NA,NA,NA,0,0,0,0,NA,0,NA,NA,NA
2019-09-17,38.3179833,-121.6517694,"North Delta",0,0,0,NA,NA,NA,NA,NA,NA,0,0,0,0,NA,0,NA,0,NA
2019-09-18,37.938,-121.707,"Confluence",NA,NA,NA,NA,NA,7.6,8.16,NA,23,NA,NA,NA,NA,NA,NA,NA,NA,NA
