"Date","Latitude","Longitude","Matrix","Subregion","glyphosate","atrazine","imidacloprid"
2009-10-06,37.77341,-121.29245,"water","South Delta",0,NA,NA
2009-10-06,38.063221,-121.603309631348,"water","Central Delta",0,NA,NA
2009-12-08,37.770458,-121.292266845703,"water","South Delta",0,NA,NA
2009-12-08,37.77341,-121.29245,"water","South Delta",0,NA,NA
2009-12-08,38.06322,-121.60331,"water","Central Delta",0,0,NA
2010-01-13,37.770458,-121.292266845703,"water","South Delta",0,NA,NA
2010-01-13,38.115582,-121.493797302246,"water","Central Delta",NA,0,NA
2010-01-14,38.45602,-121.50134,"water","Sacramento River",NA,0,NA
2010-01-27,38.45602,-121.50134,"water","Sacramento River",NA,0,NA
2010-02-03,38.45602,-121.50134,"water","Sacramento River",NA,0,NA
2010-02-09,37.770458,-121.292266845703,"water","South Delta",NA,0,NA
2010-02-09,38.115582,-121.493797302246,"water","Central Delta",NA,0,NA
2010-02-09,38.1527,-121.4989,"water","Central Delta",NA,0,NA
2010-03-16,37.770458,-121.292266845703,"water","South Delta",0,0,NA
2010-03-16,37.77341,-121.29245,"water","South Delta",0,NA,NA
2010-03-16,38.115582,-121.493797302246,"water","Central Delta",4.5,0,NA
2010-03-16,38.1159,-121.4949,"water","Central Delta",0,NA,NA
2010-03-16,38.152561,-121.500953674316,"water","Central Delta",NA,0,NA
2010-03-16,38.1527,-121.4989,"water","Central Delta",NA,0,NA
2010-04-13,37.77341,-121.29245,"water","South Delta",NA,0,NA
2010-04-13,38.115582,-121.493797302246,"water","Central Delta",NA,0,NA
2010-04-13,38.1159,-121.4949,"water","Central Delta",0,0,NA
2010-04-13,38.1527,-121.4989,"water","Central Delta",0,NA,NA
2010-05-11,38.115582,-121.493797302246,"water","Central Delta",0,NA,NA
2010-05-11,38.1159,-121.4949,"water","Central Delta",0,NA,NA
2010-05-11,38.1527,-121.4989,"water","Central Delta",0,0,NA
2010-06-08,37.770458,-121.292266845703,"water","South Delta",NA,0,NA
2010-06-08,38.1527,-121.4989,"water","Central Delta",NA,0,NA
2010-07-13,37.77341,-121.29245,"water","South Delta",0,NA,NA
2010-07-13,38.115582,-121.493797302246,"water","Central Delta",NA,0,NA
2010-07-13,38.1159,-121.4949,"water","Central Delta",0,NA,NA
2010-07-13,38.152561,-121.500953674316,"water","Central Delta",0,0,NA
2010-08-10,37.770458,-121.292266845703,"water","South Delta",NA,0,NA
2010-08-10,37.77341,-121.29245,"water","South Delta",NA,0,NA
2010-08-10,38.115582,-121.493797302246,"water","Central Delta",0,0,NA
2010-08-10,38.1159,-121.4949,"water","Central Delta",0,0,NA
2010-08-10,38.152561,-121.500953674316,"water","Central Delta",0,NA,NA
2010-09-07,37.770458,-121.292266845703,"water","South Delta",0,0,NA
2010-09-07,37.77341,-121.29245,"water","South Delta",0,NA,NA
2010-09-07,38.1159,-121.4949,"water","Central Delta",0,NA,NA
2010-09-07,38.152561,-121.500953674316,"water","Central Delta",0,NA,NA
2010-09-07,38.1527,-121.4989,"water","Central Delta",0,0,NA
2010-10-12,38.115582,-121.493797302246,"water","Central Delta",NA,0,NA
2010-10-12,38.152561,-121.500953674316,"water","Central Delta",0,0,NA
2010-10-26,38.45602,-121.50134,"water","Sacramento River",NA,0,NA
2010-11-09,37.770458,-121.292266845703,"water","South Delta",0,0,NA
2010-11-09,37.77341,-121.29245,"water","South Delta",0,0,NA
2010-11-09,38.152561,-121.500953674316,"water","Central Delta",0,NA,NA
2010-11-09,38.1527,-121.4989,"water","Central Delta",NA,0,NA
2010-11-09,38.45602,-121.50134,"water","Sacramento River",NA,0,NA
2010-12-07,37.770458,-121.292266845703,"water","South Delta",0,0,NA
2010-12-07,37.77341,-121.29245,"water","South Delta",0,NA,NA
2010-12-07,38.115582,-121.493797302246,"water","Central Delta",0,NA,NA
2010-12-07,38.1159,-121.4949,"water","Central Delta",NA,0,NA
2010-12-07,38.152561,-121.500953674316,"water","Central Delta",0,NA,NA
2010-12-15,38.45602,-121.50134,"water","Sacramento River",NA,0,NA
2011-02-08,37.9556,-121.4223,"water","Central Delta",0,NA,NA
2011-02-08,37.955601,-121.422302246094,"water","Central Delta",0,NA,NA
2011-02-22,38.45602,-121.50134,"water","Sacramento River",NA,0,NA
2011-03-08,37.955601,-121.422302246094,"water","Central Delta",0,NA,NA
2011-04-05,38.02161,-121.8063,"water","Confluence",0,NA,NA
2011-04-05,38.02161,-121.806297302246,"water","Confluence",0,0,NA
2011-04-05,38.048328,-122.096664428711,"water","Suisun Bay",0,NA,NA
2011-04-05,38.049999,-121.87833404541,"water","Confluence",0,NA,NA
2011-04-05,38.05,-121.87833,"water","Confluence",0,0,NA
2011-04-05,38.06,-121.98,"water","Suisun Bay",NA,0,NA
2011-04-05,38.064999,-122.035003662109,"water","Suisun Bay",NA,0,NA
2011-04-05,38.065,-122.035,"water","Suisun Bay",0,NA,NA
2011-04-05,38.11708,-122.03972,"water","Suisun Bay",NA,0,NA
2011-04-05,38.117081,-122.03971862793,"water","Suisun Bay",NA,0,NA
2011-04-11,38.36771,-121.5205,"water","Sacramento River",NA,NA,0
2011-04-12,37.955601,-121.422302246094,"water","Central Delta",NA,0,NA
2011-04-12,38.02161,-121.8063,"water","Confluence",0,NA,NA
2011-04-12,38.02161,-121.806297302246,"water","Confluence",0,NA,NA
2011-04-12,38.06,-121.98,"water","Suisun Bay",NA,0,NA
2011-04-12,38.06242,-121.820510864258,"water","Confluence",0,0,NA
2011-04-12,38.06242,-121.82051,"water","Confluence",NA,0,NA
2011-04-12,38.064999,-122.035003662109,"water","Suisun Bay",NA,0,NA
2011-04-12,38.11708,-122.03972,"water","Suisun Bay",0,NA,NA
2011-04-12,38.117081,-122.03971862793,"water","Suisun Bay",0,0,NA
2011-04-18,38.36771,-121.5205,"water","Sacramento River",NA,NA,0
2011-04-20,38.45602,-121.50134,"water","Sacramento River",NA,0,NA
2011-04-21,38.02161,-121.8063,"water","Confluence",0,NA,NA
2011-04-21,38.02161,-121.806297302246,"water","Confluence",NA,0,NA
2011-04-21,38.04833,-122.09667,"water","Suisun Bay",NA,0,NA
2011-04-21,38.049999,-121.87833404541,"water","Confluence",NA,0,NA
2011-04-21,38.06242,-121.820510864258,"water","Confluence",0,0,NA
2011-04-21,38.06242,-121.82051,"water","Confluence",NA,0,NA
2011-04-21,38.064999,-122.035003662109,"water","Suisun Bay",0,NA,NA
2011-04-21,38.11708,-122.03972,"water","Suisun Bay",NA,0,NA
2011-04-21,38.117081,-122.03971862793,"water","Suisun Bay",0,NA,NA
2011-04-25,38.04278,-121.92013,"water","Confluence",NA,NA,0
2011-04-26,38.02161,-121.806297302246,"water","Confluence",0,0,NA
2011-04-26,38.049999,-121.87833404541,"water","Confluence",NA,0,NA
2011-04-26,38.06,-121.98,"water","Suisun Bay",0,NA,NA
2011-04-26,38.060001,-121.980003356934,"water","Suisun Bay",0,0,NA
2011-04-26,38.06242,-121.820510864258,"water","Confluence",0,0,NA
2011-04-26,38.06242,-121.82051,"water","Confluence",0,NA,NA
2011-04-26,38.064999,-122.035003662109,"water","Suisun Bay",NA,0,NA
2011-04-26,38.065,-122.035,"water","Suisun Bay",NA,0,NA
2011-04-26,38.11708,-122.03972,"water","Suisun Bay",NA,0,0
2011-04-26,38.117081,-122.03971862793,"water","Suisun Bay",0,NA,NA
2011-05-02,38.04278,-121.92013,"water","Confluence",NA,0,0
2011-05-02,38.36771,-121.5205,"water","Sacramento River",NA,0,NA
2011-05-03,38.02161,-121.8063,"water","Confluence",0,0,NA
2011-05-03,38.02161,-121.806297302246,"water","Confluence",0,NA,NA
2011-05-03,38.048328,-122.096664428711,"water","Suisun Bay",NA,0,NA
2011-05-03,38.049999,-121.87833404541,"water","Confluence",0,NA,NA
2011-05-03,38.06,-121.98,"water","Suisun Bay",0,0,NA
2011-05-03,38.06242,-121.820510864258,"water","Confluence",0,NA,NA
2011-05-03,38.064999,-122.035003662109,"water","Suisun Bay",0,NA,NA
2011-05-03,38.11708,-122.03972,"water","Suisun Bay",0,NA,NA
2011-05-03,38.117081,-122.03971862793,"water","Suisun Bay",0,NA,NA
2011-05-09,38.36771,-121.5205,"water","Sacramento River",NA,NA,0
2011-05-10,38.02161,-121.8063,"water","Confluence",0,NA,NA
2011-05-10,38.048328,-122.096664428711,"water","Suisun Bay",4.5,NA,NA
2011-05-10,38.06242,-121.820510864258,"water","Confluence",0,NA,NA
2011-05-10,38.06242,-121.82051,"water","Confluence",NA,0,NA
2011-05-10,38.065,-122.035,"water","Suisun Bay",0,NA,NA
2011-05-10,38.11708,-122.03972,"water","Suisun Bay",0,NA,0
2011-05-16,38.04278,-121.92013,"water","Confluence",NA,0,NA
2011-05-17,38.04833,-122.09667,"water","Suisun Bay",NA,0,NA
2011-05-17,38.049999,-121.87833404541,"water","Confluence",0,0,NA
2011-05-17,38.060001,-121.980003356934,"water","Suisun Bay",NA,0,NA
2011-05-17,38.06242,-121.820510864258,"water","Confluence",0,NA,NA
2011-05-17,38.064999,-122.035003662109,"water","Suisun Bay",0,NA,NA
2011-05-17,38.065,-122.035,"water","Suisun Bay",0,0,NA
2011-05-17,38.11708,-122.03972,"water","Suisun Bay",0,NA,NA
2011-05-17,38.117081,-122.03971862793,"water","Suisun Bay",0,0,NA
2011-05-23,38.04278,-121.92013,"water","Confluence",NA,NA,0
2011-05-24,37.9556,-121.4223,"water","Central Delta",NA,0,NA
2011-05-24,38.02161,-121.8063,"water","Confluence",0,NA,NA
2011-05-24,38.02161,-121.806297302246,"water","Confluence",0,NA,NA
2011-05-24,38.048328,-122.096664428711,"water","Suisun Bay",0,NA,NA
2011-05-24,38.049999,-121.87833404541,"water","Confluence",0,0,NA
2011-05-24,38.05,-121.87833,"water","Confluence",0,NA,NA
2011-05-24,38.06,-121.98,"water","Suisun Bay",0,NA,NA
2011-05-24,38.06242,-121.82051,"water","Confluence",0,0,NA
2011-05-24,38.11708,-122.03972,"water","Suisun Bay",NA,0,NA
2011-05-24,38.117081,-122.03971862793,"water","Suisun Bay",0,NA,NA
2011-05-31,38.02161,-121.8063,"water","Confluence",NA,0,NA
2011-05-31,38.02161,-121.806297302246,"water","Confluence",NA,0,NA
2011-05-31,38.048328,-122.096664428711,"water","Suisun Bay",0,0,NA
2011-05-31,38.04833,-122.09667,"water","Suisun Bay",0,NA,NA
2011-05-31,38.049999,-121.87833404541,"water","Confluence",NA,0.1,NA
2011-05-31,38.060001,-121.980003356934,"water","Suisun Bay",0,NA,NA
2011-05-31,38.064999,-122.035003662109,"water","Suisun Bay",0,0.1,NA
2011-05-31,38.065,-122.035,"water","Suisun Bay",NA,0,NA
2011-05-31,38.11708,-122.03972,"water","Suisun Bay",NA,NA,0
2011-05-31,38.117081,-122.03971862793,"water","Suisun Bay",NA,0,NA
2011-06-01,38.36771,-121.5205,"water","Sacramento River",NA,NA,0
2011-06-06,38.04278,-121.92013,"water","Confluence",NA,0,NA
2011-06-07,38.04833,-122.09667,"water","Suisun Bay",NA,0,NA
2011-06-07,38.049999,-121.87833404541,"water","Confluence",0,NA,NA
2011-06-07,38.05,-121.87833,"water","Confluence",0,NA,NA
2011-06-07,38.06,-121.98,"water","Suisun Bay",0,NA,NA
2011-06-07,38.065,-122.035,"water","Suisun Bay",0,NA,NA
2011-06-07,38.11708,-122.03972,"water","Suisun Bay",0,0,NA
2011-06-07,38.117081,-122.03971862793,"water","Suisun Bay",NA,0.1,NA
2011-06-13,38.04278,-121.92013,"water","Confluence",NA,0,NA
2011-06-23,38.45602,-121.50134,"water","Sacramento River",NA,0,NA
2011-07-05,38.45602,-121.50134,"water","Sacramento River",NA,0,NA
2011-07-26,37.9556,-121.4223,"water","Central Delta",NA,0,NA
2011-07-26,37.955601,-121.422302246094,"water","Central Delta",NA,0,NA
2011-07-29,38.105209,-121.419036865234,"water","Central Delta",NA,NA,0
2011-08-23,37.955601,-121.422302246094,"water","Central Delta",0,NA,NA
2011-09-08,38.45602,-121.50134,"water","Sacramento River",NA,0,NA
2011-09-20,37.9556,-121.4223,"water","Central Delta",NA,0,NA
2011-09-20,37.955601,-121.422302246094,"water","Central Delta",NA,0,NA
2011-10-06,37.9556,-121.4223,"water","Central Delta",0,NA,NA
2011-10-06,37.955601,-121.422302246094,"water","Central Delta",NA,0,NA
2011-11-15,37.9556,-121.4223,"water","Central Delta",0,NA,NA
2011-11-15,37.955601,-121.422302246094,"water","Central Delta",0,NA,NA
2011-12-13,37.9556,-121.4223,"water","Central Delta",0,NA,NA
2012-01-18,38.45602,-121.50134,"water","Sacramento River",NA,0,NA
2012-03-27,38.02161,-121.8063,"water","Confluence",0,NA,NA
2012-03-27,38.02161,-121.806297302246,"water","Confluence",0,0,NA
2012-03-27,38.048328,-122.096664428711,"water","Suisun Bay",0,NA,0.003
2012-03-27,38.06,-121.98,"water","Suisun Bay",0,NA,NA
2012-03-27,38.06242,-121.820510864258,"water","Confluence",NA,NA,0.003
2012-03-27,38.06242,-121.82051,"water","Confluence",NA,0,NA
2012-03-27,38.064999,-122.035003662109,"water","Suisun Bay",0,NA,0.003
2012-03-27,38.11694,-122.03971862793,"water","Suisun Bay",NA,NA,0.0038
2012-03-27,38.11708,-122.03972,"water","Suisun Bay",0,NA,NA
2012-03-27,38.117081,-122.03971862793,"water","Suisun Bay",NA,0,0.003
2012-04-03,38.02161,-121.8063,"water","Confluence",0,0,NA
2012-04-03,38.02161,-121.806297302246,"water","Confluence",0,NA,NA
2012-04-03,38.048328,-122.096664428711,"water","Suisun Bay",0,0,0.003
2012-04-03,38.04833,-122.09667,"water","Suisun Bay",NA,0,NA
2012-04-03,38.049999,-121.87833404541,"water","Confluence",NA,0,0.004
2012-04-03,38.05,-121.87833,"water","Confluence",0,NA,NA
2012-04-03,38.06,-121.98,"water","Suisun Bay",NA,0,NA
2012-04-03,38.060001,-121.980003356934,"water","Suisun Bay",0,NA,NA
2012-04-03,38.062408,-121.820503234863,"water","Confluence",NA,NA,0.0022
2012-04-03,38.06242,-121.820510864258,"water","Confluence",0,NA,NA
2012-04-03,38.06242,-121.82051,"water","Confluence",NA,NA,0
2012-04-03,38.064999,-122.035003662109,"water","Suisun Bay",0,NA,0.003
2012-04-03,38.11708,-122.03972,"water","Suisun Bay",NA,0,NA
2012-04-10,38.02161,-121.8063,"water","Confluence",NA,0,0
2012-04-10,38.048328,-122.096664428711,"water","Suisun Bay",0,0,NA
2012-04-10,38.049999,-121.87833404541,"water","Confluence",0,NA,NA
2012-04-10,38.05,-121.87833,"water","Confluence",0,NA,NA
2012-04-10,38.06242,-121.82051,"water","Confluence",0,0,NA
2012-04-10,38.065,-122.035,"water","Suisun Bay",NA,0,NA
2012-04-17,38.02161,-121.8063,"water","Confluence",NA,0,0
2012-04-17,38.02161,-121.806297302246,"water","Confluence",NA,0,NA
2012-04-17,38.048328,-122.096664428711,"water","Suisun Bay",0,0,0.002
2012-04-17,38.05,-121.87833,"water","Confluence",0,NA,NA
2012-04-17,38.062408,-121.820503234863,"water","Confluence",NA,NA,0.002
2012-04-17,38.06242,-121.820510864258,"water","Confluence",NA,NA,0.0054
2012-04-17,38.06242,-121.82051,"water","Confluence",NA,0,0
2012-04-17,38.064999,-122.035003662109,"water","Suisun Bay",0,NA,NA
2012-04-17,38.065,-122.035,"water","Suisun Bay",0,NA,NA
2012-04-24,38.02161,-121.8063,"water","Confluence",0,NA,0
2012-04-24,38.048328,-122.096664428711,"water","Suisun Bay",NA,0,0.002
2012-04-24,38.049999,-121.87833404541,"water","Confluence",0,NA,NA
2012-04-24,38.05,-121.87833,"water","Confluence",0,0,NA
2012-04-24,38.06,-121.98,"water","Suisun Bay",NA,0,NA
2012-04-24,38.060001,-121.980003356934,"water","Suisun Bay",NA,0,NA
2012-04-24,38.06242,-121.820510864258,"water","Confluence",0,NA,0.002
2012-04-24,38.06242,-121.82051,"water","Confluence",NA,0,NA
2012-04-24,38.11708,-122.03972,"water","Suisun Bay",NA,NA,0
2012-04-24,38.117081,-122.03971862793,"water","Suisun Bay",NA,0,0.003
2012-05-01,38.02161,-121.8063,"water","Confluence",0,0,NA
2012-05-01,38.04833,-122.09667,"water","Suisun Bay",NA,0,NA
2012-05-01,38.06,-121.98,"water","Suisun Bay",NA,0,NA
2012-05-01,38.06242,-121.820510864258,"water","Confluence",0,0,NA
2012-05-01,38.064999,-122.035003662109,"water","Suisun Bay",0,NA,0.003
2012-05-01,38.11708,-122.03972,"water","Suisun Bay",NA,0,NA
2012-05-08,38.02161,-121.8063,"water","Confluence",NA,0,0
2012-05-08,38.048328,-122.096664428711,"water","Suisun Bay",0,NA,NA
2012-05-08,38.04833,-122.09667,"water","Suisun Bay",NA,0,NA
2012-05-08,38.049999,-121.87833404541,"water","Confluence",NA,NA,0.0014
2012-05-08,38.05,-121.87833,"water","Confluence",NA,0,NA
2012-05-08,38.06,-121.98,"water","Suisun Bay",0,NA,NA
2012-05-08,38.06242,-121.820510864258,"water","Confluence",0,0,0
2012-05-08,38.064999,-122.035003662109,"water","Suisun Bay",NA,0,NA
2012-05-08,38.11694,-122.03971862793,"water","Suisun Bay",NA,NA,0
2012-05-08,38.11708,-122.03972,"water","Suisun Bay",NA,0,NA
2012-05-08,38.117081,-122.03971862793,"water","Suisun Bay",0,NA,0.0015
2012-05-15,38.02161,-121.8063,"water","Confluence",0,0,0
2012-05-15,38.048328,-122.096664428711,"water","Suisun Bay",NA,0,0.0014
2012-05-15,38.049999,-121.87833404541,"water","Confluence",0,NA,NA
2012-05-15,38.05,-121.87833,"water","Confluence",NA,0,NA
2012-05-15,38.06,-121.98,"water","Suisun Bay",0,NA,NA
2012-05-15,38.06242,-121.820510864258,"water","Confluence",NA,NA,0
2012-05-15,38.06242,-121.82051,"water","Confluence",NA,0,NA
2012-05-15,38.064999,-122.035003662109,"water","Suisun Bay",0,NA,NA
2012-05-15,38.065,-122.035,"water","Suisun Bay",NA,0,NA
2012-05-15,38.11708,-122.03972,"water","Suisun Bay",NA,0,NA
2012-05-15,38.117081,-122.03971862793,"water","Suisun Bay",NA,0,NA
2012-05-17,38.45602,-121.50134,"water","Sacramento River",NA,NA,0
2012-05-22,38.02161,-121.8063,"water","Confluence",0,0,0
2012-05-22,38.02161,-121.806297302246,"water","Confluence",0,NA,NA
2012-05-22,38.048328,-122.096664428711,"water","Suisun Bay",NA,NA,0
2012-05-22,38.04833,-122.09667,"water","Suisun Bay",0,0,NA
2012-05-22,38.06,-121.98,"water","Suisun Bay",NA,0,NA
2012-05-22,38.060001,-121.980003356934,"water","Suisun Bay",0,NA,0
2012-05-22,38.06242,-121.820510864258,"water","Confluence",0,0,0
2012-05-22,38.06242,-121.82051,"water","Confluence",NA,0,NA
2012-05-22,38.064999,-122.035003662109,"water","Suisun Bay",0,NA,0
2012-05-29,38.02161,-121.8063,"water","Confluence",0,NA,NA
2012-05-29,38.02161,-121.806297302246,"water","Confluence",NA,NA,0
2012-05-29,38.049999,-121.87833404541,"water","Confluence",NA,NA,0
2012-05-29,38.05,-121.87833,"water","Confluence",0,NA,NA
2012-05-29,38.06242,-121.82051,"water","Confluence",0,0,NA
2012-05-29,38.064999,-122.035003662109,"water","Suisun Bay",0,NA,0
2012-05-29,38.11694,-122.03971862793,"water","Suisun Bay",NA,NA,0
2012-05-29,38.11708,-122.03972,"water","Suisun Bay",NA,0,NA
2012-06-06,37.676109,-121.266387939453,"water","South Delta",NA,0.0391,NA
2012-07-02,37.676109,-121.266387939453,"water","South Delta",NA,0,NA
2012-07-24,38.45602,-121.50134,"water","Sacramento River",NA,0,NA
2012-07-24,38.456112,-121.501388549805,"water","Sacramento River",NA,NA,0
2012-07-25,37.676109,-121.266387939453,"water","South Delta",NA,0,0
2012-08-22,38.45602,-121.50134,"water","Sacramento River",NA,0,0
2012-08-22,38.456112,-121.501388549805,"water","Sacramento River",NA,NA,0
2012-08-23,37.676109,-121.266387939453,"water","South Delta",NA,0,NA
2012-09-06,37.676109,-121.266387939453,"water","South Delta",NA,0,NA
2012-09-18,38.45602,-121.50134,"water","Sacramento River",NA,0,NA
2012-09-20,37.676109,-121.266387939453,"water","South Delta",NA,NA,0
2012-10-17,37.676109,-121.266387939453,"water","South Delta",NA,NA,0
2012-10-29,38.45602,-121.50134,"water","Sacramento River",NA,0,0
2012-10-29,38.456112,-121.501388549805,"water","Sacramento River",NA,NA,0
2012-10-30,37.676109,-121.266387939453,"water","South Delta",NA,NA,0
2012-11-14,37.676109,-121.266387939453,"water","South Delta",NA,0,0
2012-11-26,37.676109,-121.266387939453,"water","South Delta",NA,NA,0
2012-12-04,38.45602,-121.50134,"water","Sacramento River",NA,NA,0
2012-12-05,37.676109,-121.266387939453,"water","South Delta",NA,NA,0
2012-12-18,37.676109,-121.266387939453,"water","South Delta",NA,0,0
2012-12-19,38.45602,-121.50134,"water","Sacramento River",NA,0,0
2012-12-19,38.456112,-121.501388549805,"water","Sacramento River",NA,NA,0
2013-01-10,37.676109,-121.266387939453,"water","South Delta",NA,0,NA
2013-01-10,38.459202,-121.50309753418,"water","Sacramento River",NA,0.1,NA
2013-01-10,38.459202,-121.5030975,"water","Sacramento River",NA,0,NA
2013-01-15,37.77341,-121.29245,"water","South Delta",0,NA,NA
2013-01-15,38.04972,-121.41722,"water","Central Delta",NA,0,NA
2013-01-15,38.115582,-121.493797302246,"water","Central Delta",NA,0,NA
2013-01-15,38.1159,-121.4949,"water","Central Delta",0,0,NA
2013-02-05,38.456112,-121.501388549805,"water","Sacramento River",NA,NA,0
2013-02-05,38.459202,-121.50309753418,"water","Sacramento River",NA,0.1,NA
2013-02-05,38.459202,-121.5030975,"water","Sacramento River",NA,0,NA
2013-02-07,37.676109,-121.266387939453,"water","South Delta",NA,0,NA
2013-02-19,38.45602,-121.50134,"water","Sacramento River",NA,0,0
2013-02-21,37.77341,-121.29245,"water","South Delta",NA,0,NA
2013-02-21,38.050549,-121.417526245117,"water","Central Delta",NA,0,NA
2013-02-21,38.1159,-121.4949,"water","Central Delta",0,NA,NA
2013-03-05,38.459202,-121.5030975,"water","Sacramento River",0,NA,NA
2013-03-19,38.04972,-121.41722,"water","Central Delta",NA,0,NA
2013-03-19,38.050549,-121.417526245117,"water","Central Delta",NA,0,NA
2013-03-19,38.115582,-121.493797302246,"water","Central Delta",NA,0,NA
2013-03-19,38.1159,-121.4949,"water","Central Delta",0,NA,NA
2013-04-02,37.770458,-121.292266845703,"water","South Delta",7,0,NA
2013-04-02,37.77341,-121.29245,"water","South Delta",NA,0,NA
2013-04-02,38.115582,-121.493797302246,"water","Central Delta",0,0,NA
2013-04-02,38.1159,-121.4949,"water","Central Delta",0,NA,NA
2013-04-02,38.459202,-121.50309753418,"water","Sacramento River",NA,0.1,NA
2013-04-02,38.459202,-121.5030975,"water","Sacramento River",NA,0,NA
2013-04-03,38.456112,-121.501388549805,"water","Sacramento River",NA,NA,0
2013-04-03,38.459202,-121.50309753418,"water","Sacramento River",6,NA,NA
2013-04-11,37.676109,-121.266387939453,"water","South Delta",NA,NA,0
2013-04-11,38.45602,-121.50134,"water","Sacramento River",NA,0,0
2013-04-26,38.45602,-121.50134,"water","Sacramento River",NA,0,0
2013-04-26,38.456112,-121.501388549805,"water","Sacramento River",NA,NA,0
2013-05-07,38.456112,-121.501388549805,"water","Sacramento River",NA,NA,0
2013-05-07,38.459202,-121.5030975,"water","Sacramento River",0,0,NA
2013-05-21,37.770458,-121.292266845703,"water","South Delta",NA,0,NA
2013-05-21,38.115582,-121.493797302246,"water","Central Delta",8.4,NA,NA
2013-06-13,38.456112,-121.501388549805,"water","Sacramento River",NA,NA,0
2013-06-18,37.770458,-121.292266845703,"water","South Delta",NA,0,NA
2013-06-18,38.1159,-121.4949,"water","Central Delta",NA,0.86,NA
2013-06-26,38.456112,-121.501388549805,"water","Sacramento River",NA,NA,0
2013-07-09,38.459202,-121.50309753418,"water","Sacramento River",NA,0.1,NA
2013-07-09,38.459202,-121.5030975,"water","Sacramento River",0,NA,NA
2013-07-16,37.770458,-121.292266845703,"water","South Delta",0,0,NA
2013-07-16,37.77341,-121.29245,"water","South Delta",0,NA,NA
2013-07-16,38.05986,-121.49934,"water","Central Delta",NA,0,NA
2013-07-16,38.06012,-121.499122619629,"water","Central Delta",0,NA,NA
2013-07-16,38.115582,-121.493797302246,"water","Central Delta",0,NA,NA
2013-07-16,38.1159,-121.4949,"water","Central Delta",NA,0,NA
2013-07-29,38.45602,-121.50134,"water","Sacramento River",NA,0,NA
2013-07-29,38.456112,-121.501388549805,"water","Sacramento River",NA,NA,0
2013-08-06,38.459202,-121.50309753418,"water","Sacramento River",NA,0.1,NA
2013-08-06,38.459202,-121.5030975,"water","Sacramento River",0,NA,NA
2013-08-12,38.45602,-121.50134,"water","Sacramento River",NA,0,0
2013-08-20,37.770458,-121.292266845703,"water","South Delta",2.8,NA,NA
2013-08-20,38.05986,-121.49934,"water","Central Delta",0,NA,NA
2013-08-20,38.06012,-121.499122619629,"water","Central Delta",0,NA,NA
2013-08-20,38.115582,-121.493797302246,"water","Central Delta",0,0,NA
2013-08-20,38.1159,-121.4949,"water","Central Delta",0,NA,NA
2013-09-10,38.459202,-121.5030975,"water","Sacramento River",0,NA,NA
2013-09-17,37.77341,-121.29245,"water","South Delta",0,NA,NA
2013-09-17,38.06012,-121.499122619629,"water","Central Delta",NA,0,NA
2013-10-08,37.770458,-121.292266845703,"water","South Delta",0,NA,NA
2013-10-08,38.459202,-121.50309753418,"water","Sacramento River",6,0.1,NA
2013-10-08,38.459202,-121.5030975,"water","Sacramento River",NA,0,NA
2013-11-05,38.459202,-121.50309753418,"water","Sacramento River",6,NA,NA
2013-11-19,38.06012,-121.499122619629,"water","Central Delta",NA,0,NA
2013-11-19,38.115582,-121.493797302246,"water","Central Delta",NA,0,NA
2013-11-19,38.1159,-121.4949,"water","Central Delta",0,NA,NA
2013-12-06,38.45602,-121.50134,"water","Sacramento River",NA,NA,0
2013-12-10,38.459202,-121.50309753418,"water","Sacramento River",NA,0.1,NA
2013-12-10,38.459202,-121.5030975,"water","Sacramento River",0,NA,NA
2013-12-17,38.1159,-121.4949,"water","Central Delta",NA,0,NA
2014-01-22,38.45602,-121.50134,"water","Sacramento River",NA,NA,0
2014-01-28,37.97916,-121.57023,"water","Central Delta",0,0,NA
2014-01-28,38.05986,-121.49934,"water","Central Delta",0,0,NA
2014-01-28,38.06012,-121.499122619629,"water","Central Delta",NA,0,NA
2014-01-28,38.45602,-121.50134,"water","Sacramento River",NA,0,0
2014-02-11,37.96722,-121.46465,"water","Central Delta",NA,0,NA
2014-02-11,37.97916,-121.57023,"water","Central Delta",0,0,NA
2014-02-11,37.97916,-121.57022857666,"water","Central Delta",NA,0,NA
2014-03-03,37.967369,-121.464340209961,"water","Central Delta",NA,0,NA
2014-03-03,37.97916,-121.57023,"water","Central Delta",0,NA,NA
2014-03-03,37.97916,-121.57022857666,"water","Central Delta",0,0,NA
2014-03-03,38.05986,-121.49934,"water","Central Delta",0,NA,NA
2014-03-18,38.015888,-121.83952331543,"water","Confluence",NA,NA,0
2014-04-15,37.96722,-121.46465,"water","Central Delta",0,NA,NA
2014-04-15,37.967369,-121.464340209961,"water","Central Delta",0,NA,NA
2014-04-15,37.97916,-121.57023,"water","Central Delta",12,0,NA
2014-04-15,37.97916,-121.57022857666,"water","Central Delta",NA,0,NA
2014-05-13,38.45602,-121.50134,"water","Sacramento River",0,NA,NA
2014-05-20,38.06012,-121.499122619629,"water","Central Delta",4,NA,NA
2014-06-17,37.96722,-121.46465,"water","Central Delta",0,NA,NA
2014-06-17,37.967369,-121.464340209961,"water","Central Delta",0,0,NA
2014-06-17,37.97916,-121.57022857666,"water","Central Delta",NA,0,NA
2014-06-17,38.06012,-121.499122619629,"water","Central Delta",14,0,NA
2014-07-15,37.96722,-121.46465,"water","Central Delta",0,0,NA
2014-07-15,37.97916,-121.57023,"water","Central Delta",24,NA,NA
2014-07-24,38.45602,-121.50134,"water","Sacramento River",NA,0,NA
2014-08-13,38.45602,-121.50134,"water","Sacramento River",0,0,0
2014-08-19,37.967369,-121.464340209961,"water","Central Delta",NA,0,NA
2014-09-16,37.96722,-121.46465,"water","Central Delta",0,NA,NA
2014-09-16,37.967369,-121.464340209961,"water","Central Delta",0,NA,NA
2014-09-16,37.97916,-121.57023,"water","Central Delta",0,0,NA
2014-09-16,37.97916,-121.57022857666,"water","Central Delta",NA,0,NA
2014-10-16,38.45602,-121.50134,"water","Sacramento River",NA,0,NA
2014-10-21,37.77341,-121.29245,"water","South Delta",NA,0,NA
2014-10-21,37.8715,-121.5256,"water","Central Delta",NA,0,NA
2014-10-21,37.967369,-121.464340209961,"water","Central Delta",NA,0,NA
2014-10-21,38.115582,-121.493797302246,"water","Central Delta",NA,0,NA
2014-11-18,37.77341,-121.29245,"water","South Delta",NA,0,NA
2014-11-18,37.8717,-121.525512695312,"water","Central Delta",NA,0,NA
2014-12-04,37.8715,-121.5256,"water","Central Delta",0,NA,NA
2014-12-04,37.96722,-121.46465,"water","Central Delta",0,NA,NA
2014-12-04,38.1159,-121.4949,"water","Central Delta",NA,0,NA
2014-12-09,38.45602,-121.50134,"water","Sacramento River",0.05,0,NA
2015-01-20,37.8717,-121.525512695312,"water","Central Delta",NA,0,NA
2015-01-20,37.96722,-121.46465,"water","Central Delta",NA,0,NA
2015-01-20,38.1159,-121.4949,"water","Central Delta",NA,0,NA
2015-01-27,38.45602,-121.50134,"water","Sacramento River",NA,NA,0
2015-02-09,37.770458,-121.292266845703,"water","South Delta",NA,0,NA
2015-02-09,37.77341,-121.29245,"water","South Delta",NA,0,NA
2015-02-09,38.1159,-121.4949,"water","Central Delta",NA,0,NA
2015-02-25,38.45602,-121.50134,"water","Sacramento River",0.03,NA,NA
2015-03-16,38.45602,-121.50134,"water","Sacramento River",NA,0,NA
2015-03-17,37.8715,-121.5256,"water","Central Delta",NA,0,NA
2015-03-17,38.115582,-121.493797302246,"water","Central Delta",NA,0,NA
2015-04-21,37.77341,-121.29245,"water","South Delta",NA,0,NA
2015-04-21,37.96722,-121.46465,"water","Central Delta",NA,0,NA
2015-04-27,38.45602,-121.50134,"water","Sacramento River",NA,0,NA
2015-05-08,38.45602,-121.50134,"water","Sacramento River",0,0,NA
2015-05-19,37.770458,-121.292266845703,"water","South Delta",NA,0,NA
2015-05-19,37.8715,-121.5256,"water","Central Delta",NA,0,NA
2015-05-19,37.8717,-121.525512695312,"water","Central Delta",NA,0,NA
2015-05-19,37.967369,-121.464340209961,"water","Central Delta",NA,0,NA
2015-06-03,38.23829,-121.68128,"water","North Delta",NA,NA,0
2015-06-03,38.2892,-121.66483,"water","North Delta",NA,0,0
2015-06-04,38.45602,-121.50134,"water","Sacramento River",NA,0,NA
2015-06-16,37.770458,-121.292266845703,"water","South Delta",NA,0,NA
2015-06-16,37.96722,-121.46465,"water","Central Delta",NA,0,NA
2015-06-16,38.115582,-121.493797302246,"water","Central Delta",NA,0,NA
2015-07-06,38.2892,-121.66483,"water","North Delta",NA,NA,0
2015-07-06,38.33501,-121.67111,"water","North Delta",NA,0,0
2015-07-21,37.770458,-121.292266845703,"water","South Delta",0,NA,NA
2015-07-21,37.77341,-121.29245,"water","South Delta",NA,0,NA
2015-07-21,37.8715,-121.5256,"water","Central Delta",NA,0,NA
2015-07-21,37.96722,-121.46465,"water","Central Delta",0,NA,NA
2015-07-21,38.115582,-121.493797302246,"water","Central Delta",3.5,NA,NA
2015-07-27,38.45602,-121.50134,"water","Sacramento River",NA,0,0
2015-07-28,38.236111,-121.418891906738,"water","Central Delta",NA,0,NA
2015-07-28,38.306999,-121.79419708252,"water","North Delta",NA,NA,0.0126
2015-07-28,38.36771,-121.5205,"water","Sacramento River",NA,0,NA
2015-08-13,38.23829,-121.68128,"water","North Delta",NA,0,0
2015-08-13,38.28838,-121.72302,"water","North Delta",NA,NA,0
2015-08-13,38.2892,-121.66483,"water","North Delta",NA,0,NA
2015-08-13,38.33486,-121.6578,"water","North Delta",NA,0,NA
2015-08-13,38.33501,-121.67111,"water","North Delta",NA,NA,0
2015-08-18,37.97183,-121.37362,"water","Central Delta",NA,0.0214,NA
2015-08-18,38.306999,-121.7941971,"water","North Delta",NA,0.0059,NA
2015-09-15,37.8715,-121.5256,"water","Central Delta",NA,0,NA
2015-09-15,38.115582,-121.493797302246,"water","Central Delta",NA,0,NA
2015-09-23,37.971832,-121.37361907959,"water","Central Delta",NA,0,0.0097
2015-09-23,38.236111,-121.4188919,"water","Central Delta",NA,0,NA
2015-09-23,38.36771,-121.520500183105,"water","Sacramento River",NA,0,NA
2015-10-19,38.27425,-121.664169311523,"water","North Delta",NA,0,NA
2015-10-19,38.35347,-121.642967224121,"water","North Delta",NA,NA,0
2015-10-19,38.4747806,-121.588225,"water","North Delta",NA,NA,0
2015-10-19,38.57282,-121.58257,"water","North Delta",NA,0,NA
2015-10-19,38.573139,-121.582939147949,"water","North Delta",NA,0,NA
2015-10-20,37.770458,-121.292266845703,"water","South Delta",NA,0,NA
2015-10-20,37.967369,-121.464340209961,"water","Central Delta",NA,0,NA
2015-10-20,38.115582,-121.493797302246,"water","Central Delta",NA,0,NA
2015-10-20,38.1159,-121.4949,"water","Central Delta",NA,0,NA
2015-10-21,37.971832,-121.37361907959,"water","Central Delta",NA,NA,0
2015-10-21,38.236111,-121.418891906738,"water","Central Delta",NA,0,0
2015-10-21,38.30713,-121.79331,"water","North Delta",NA,NA,0.03
2015-10-21,38.36771,-121.520500183105,"water","Sacramento River",NA,NA,0
2015-10-21,38.36771,-121.5205,"water","Sacramento River",NA,0,NA
2015-10-29,38.45602,-121.50134,"water","Sacramento River",NA,0,NA
2015-11-10,37.97183,-121.37362,"water","Central Delta",NA,NA,0
2015-11-10,38.236111,-121.4188919,"water","Central Delta",NA,0,NA
2015-11-10,38.306999,-121.79419708252,"water","North Delta",NA,0.0141,0.016
2015-11-10,38.30713,-121.79331,"water","North Delta",NA,0.0141,NA
2015-11-10,38.36771,-121.520500183105,"water","Sacramento River",NA,0,0.0019
2015-12-08,37.770458,-121.292266845703,"water","South Delta",NA,0,NA
2015-12-08,37.77341,-121.29245,"water","South Delta",NA,0,NA
2015-12-08,37.96722,-121.46465,"water","Central Delta",NA,0,NA
2015-12-08,37.967369,-121.464340209961,"water","Central Delta",NA,0,NA
2015-12-15,38.236111,-121.418891906738,"water","Central Delta",NA,0,0
2015-12-15,38.30713,-121.79331,"water","North Delta",NA,0.0063,NA
2016-01-06,37.770458,-121.292266845703,"water","South Delta",NA,0,NA
2016-01-06,37.8715,-121.5256,"water","Central Delta",0,NA,NA
2016-01-06,37.96722,-121.46465,"water","Central Delta",0,NA,NA
2016-01-06,37.967369,-121.464340209961,"water","Central Delta",NA,0,NA
2016-01-06,38.1159,-121.4949,"water","Central Delta",NA,0,NA
2016-01-14,38.45602,-121.50134,"water","Sacramento River",NA,NA,0
2016-01-19,37.971832,-121.37361907959,"water","Central Delta",NA,0,NA
2016-01-19,38.236111,-121.418891906738,"water","Central Delta",NA,NA,0
2016-01-19,38.236111,-121.4188919,"water","Central Delta",NA,NA,0
2016-01-19,38.306999,-121.7941971,"water","North Delta",NA,0,NA
2016-01-19,38.30713,-121.79331,"water","North Delta",NA,0,NA
2016-01-19,38.36771,-121.520500183105,"water","Sacramento River",NA,0,NA
2016-01-27,38.45602,-121.50134,"water","Sacramento River",NA,0,NA
2016-02-10,38.45602,-121.50134,"water","Sacramento River",NA,NA,0
2016-02-17,37.97183,-121.37362,"water","Central Delta",NA,NA,0.0089
2016-02-17,38.236111,-121.418891906738,"water","Central Delta",NA,NA,0
2016-02-17,38.306999,-121.7941971,"water","North Delta",NA,0,NA
2016-02-17,38.306999,-121.79419708252,"water","North Delta",NA,NA,0.0178
2016-02-17,38.36771,-121.520500183105,"water","Sacramento River",NA,NA,0.0022
2016-02-17,38.36771,-121.5205,"water","Sacramento River",NA,0,NA
2016-02-18,37.8715,-121.5256,"water","Central Delta",NA,0,NA
2016-02-18,37.967369,-121.464340209961,"water","Central Delta",NA,0,NA
2016-02-24,38.45602,-121.50134,"water","Sacramento River",NA,NA,0
2016-03-07,37.77341,-121.29245,"water","South Delta",NA,0,NA
2016-03-07,37.97183,-121.37362,"water","Central Delta",NA,0,NA
2016-03-07,37.971832,-121.37361907959,"water","Central Delta",NA,NA,0.0072
2016-03-07,38.1159,-121.4949,"water","Central Delta",NA,0,NA
2016-03-07,38.306999,-121.7941971,"water","North Delta",NA,0,NA
2016-03-07,38.306999,-121.79419708252,"water","North Delta",NA,NA,0.0195
2016-03-07,38.36771,-121.520500183105,"water","Sacramento River",NA,0,0.0093
2016-03-07,38.36771,-121.5205,"water","Sacramento River",NA,NA,0.0093
2016-03-30,38.45602,-121.50134,"water","Sacramento River",NA,0,NA
2016-04-19,37.967369,-121.464340209961,"water","Central Delta",NA,0,NA
2016-04-19,37.971832,-121.37361907959,"water","Central Delta",NA,0,0.0601
2016-04-19,38.236111,-121.418891906738,"water","Central Delta",NA,NA,0
2016-04-19,38.306999,-121.7941971,"water","North Delta",NA,0.0104,NA
2016-04-19,38.306999,-121.79419708252,"water","North Delta",NA,NA,0.0096
2016-04-19,38.36771,-121.520500183105,"water","Sacramento River",NA,0,NA
2016-04-19,38.36771,-121.5205,"water","Sacramento River",NA,0,0
2016-04-20,38.45602,-121.50134,"water","Sacramento River",NA,0,NA
2016-05-11,38.5404,-121.51288,"water","Sacramento River",NA,0,0
2016-05-12,38.36771,-121.5205,"water","Sacramento River",NA,0,NA
2016-05-12,38.45602,-121.50134,"water","Sacramento River",0.04,NA,NA
2016-05-12,38.46112,-121.50347,"water","Sacramento River",NA,0,NA
2016-05-13,38.28423,-121.55307,"water","Sacramento River",NA,0,NA
2016-05-17,37.8717,-121.525512695312,"water","Central Delta",NA,0,NA
2016-05-17,37.96722,-121.46465,"water","Central Delta",NA,0,NA
2016-05-17,37.967369,-121.464340209961,"water","Central Delta",NA,0,NA
2016-05-18,37.97183,-121.37362,"water","Central Delta",NA,NA,0.0137
2016-05-18,37.971832,-121.37361907959,"water","Central Delta",NA,0,0.0137
2016-05-18,38.30713,-121.79331,"water","North Delta",NA,0,NA
2016-06-15,38.236111,-121.418891906738,"water","Central Delta",NA,0,0
2016-06-15,38.236111,-121.4188919,"water","Central Delta",NA,NA,0
2016-06-15,38.306999,-121.79419708252,"water","North Delta",NA,0,NA
2016-06-15,38.30713,-121.79331,"water","North Delta",NA,NA,0.0064
2016-06-15,38.36771,-121.520500183105,"water","Sacramento River",NA,0,NA
2016-06-21,37.8717,-121.525512695312,"water","Central Delta",NA,0,NA
2016-06-21,37.967369,-121.464340209961,"water","Central Delta",NA,0,NA
2016-06-21,38.1159,-121.4949,"water","Central Delta",NA,0,NA
2016-06-22,38.45602,-121.50134,"water","Sacramento River",NA,0,0
2016-06-23,38.4747806,-121.588225,"water","North Delta",NA,0,NA
2016-07-13,37.97183,-121.37362,"water","Central Delta",NA,0.0357,NA
2016-07-13,37.971832,-121.37361907959,"water","Central Delta",NA,0.0357,NA
2016-07-13,38.306999,-121.79419708252,"water","North Delta",NA,NA,0.0039
2016-07-13,38.30713,-121.79331,"water","North Delta",NA,0,NA
2016-07-13,38.36771,-121.5205,"water","Sacramento River",NA,NA,0
2016-07-19,37.770458,-121.292266845703,"water","South Delta",0,NA,NA
2016-07-19,37.77341,-121.29245,"water","South Delta",NA,0,NA
2016-07-19,37.8715,-121.5256,"water","Central Delta",NA,0,NA
2016-07-19,37.967369,-121.464340209961,"water","Central Delta",0,NA,NA
2016-07-19,38.115582,-121.493797302246,"water","Central Delta",0,NA,NA
2016-07-19,38.474781,-121.588226318359,"water","North Delta",NA,NA,0
2016-07-28,38.45602,-121.50134,"water","Sacramento River",NA,NA,0
2016-07-28,38.474781,-121.588226318359,"water","North Delta",NA,0,NA
2016-08-02,38.27425,-121.66417,"water","North Delta",NA,0,NA
2016-08-02,38.27425,-121.664169311523,"water","North Delta",NA,0,0
2016-08-02,38.4747806,-121.588225,"water","North Delta",NA,0,NA
2016-08-09,38.27425,-121.664169311523,"water","North Delta",NA,0,0
2016-08-09,38.4747806,-121.588225,"water","North Delta",NA,NA,0.0051
2016-08-16,37.770458,-121.292266845703,"water","South Delta",NA,0,NA
2016-08-16,37.8715,-121.5256,"water","Central Delta",NA,0,NA
2016-08-16,37.8717,-121.525512695312,"water","Central Delta",NA,0,NA
2016-08-16,37.96722,-121.46465,"water","Central Delta",NA,0,NA
2016-08-16,38.1159,-121.4949,"water","Central Delta",NA,0,NA
2016-08-17,37.971832,-121.37361907959,"water","Central Delta",NA,NA,0
2016-08-17,38.306999,-121.79419708252,"water","North Delta",NA,NA,0.0108
2016-09-20,37.96722,-121.46465,"water","Central Delta",NA,0,NA
2016-09-20,37.967369,-121.464340209961,"water","Central Delta",NA,0,NA
2016-09-20,37.97183,-121.37362,"water","Central Delta",NA,0,NA
2016-09-20,38.1159,-121.4949,"water","Central Delta",NA,0,NA
2016-09-20,38.236111,-121.4188919,"water","Central Delta",NA,0,NA
2016-09-20,38.306999,-121.79419708252,"water","North Delta",NA,0,0.0041
2016-09-20,38.36771,-121.520500183105,"water","Sacramento River",NA,0.0068,NA
2016-10-17,38.152561,-121.500953674316,"water","Central Delta",NA,0,NA
2016-10-17,38.1527,-121.4989,"water","Central Delta",NA,0,NA
2016-10-18,37.97183,-121.37362,"water","Central Delta",NA,0,0.004
2016-10-18,38.306999,-121.79419708252,"water","North Delta",NA,0,NA
2016-10-18,38.36771,-121.520500183105,"water","Sacramento River",NA,0,NA
2016-10-19,38.45602,-121.50134,"water","Sacramento River",NA,0,0
2016-10-26,38.5404,-121.51288,"water","Sacramento River",NA,0,NA
2016-10-27,38.4347,-121.5192,"water","Sacramento River",NA,0,NA
2016-10-28,38.17715,-121.59023,"water","Sacramento River",NA,NA,0
2016-11-14,37.97183,-121.37362,"water","Central Delta",NA,NA,0.0083
2016-11-14,38.236111,-121.418891906738,"water","Central Delta",NA,0,NA
2016-11-14,38.236111,-121.4188919,"water","Central Delta",NA,0,0
2016-11-14,38.306999,-121.7941971,"water","North Delta",NA,0.0123,NA
2016-11-14,38.306999,-121.79419708252,"water","North Delta",NA,0,NA
2016-11-14,38.36771,-121.5205,"water","Sacramento River",NA,0,NA
2016-12-16,37.8715,-121.5256,"water","Central Delta",NA,0,NA
2016-12-16,37.8717,-121.525512695312,"water","Central Delta",NA,0,NA
2016-12-16,37.971832,-121.37361907959,"water","Central Delta",NA,0,0.0032
2016-12-16,37.97916,-121.57023,"water","Central Delta",NA,0,NA
2016-12-16,38.152561,-121.500953674316,"water","Central Delta",NA,0,NA
2017-01-05,38.152561,-121.500953674316,"water","Central Delta",NA,0,NA
2017-01-09,37.97183,-121.37362,"water","Central Delta",NA,NA,0.0093
2017-01-09,37.971832,-121.37361907959,"water","Central Delta",NA,NA,0.0093
2017-01-09,38.306999,-121.79419708252,"water","North Delta",NA,0,0.0079
2017-01-09,38.30713,-121.79331,"water","North Delta",NA,0,NA
2017-01-17,38.45602,-121.50134,"water","Sacramento River",NA,0,0
2017-01-26,38.45602,-121.50134,"water","Sacramento River",NA,0,NA
2017-02-10,38.45602,-121.50134,"water","Sacramento River",0.05,NA,0
2017-02-28,37.770458,-121.292266845703,"water","South Delta",NA,0,NA
2017-02-28,37.77341,-121.29245,"water","South Delta",NA,0,NA
2017-02-28,38.1527,-121.4989,"water","Central Delta",NA,0,NA
2017-02-28,38.306999,-121.79419708252,"water","North Delta",NA,NA,0.0037
2017-02-28,38.30713,-121.79331,"water","North Delta",NA,0,0
2017-02-28,38.36771,-121.5205,"water","Sacramento River",NA,0,NA
2017-03-09,38.45602,-121.50134,"water","Sacramento River",NA,NA,0
2017-03-14,37.97183,-121.37362,"water","Central Delta",NA,NA,0
2017-03-14,38.236111,-121.4188919,"water","Central Delta",NA,NA,0
2017-03-14,38.306999,-121.79419708252,"water","North Delta",NA,0,0.0069
2017-03-14,38.36771,-121.520500183105,"water","Sacramento River",NA,NA,0.0015
2017-03-21,37.8717,-121.525512695312,"water","Central Delta",NA,0,NA
2017-03-21,37.97916,-121.57022857666,"water","Central Delta",NA,0,NA
2017-03-21,38.1527,-121.4989,"water","Central Delta",NA,0,NA
2017-04-18,37.770458,-121.292266845703,"water","South Delta",NA,0,NA
2017-04-18,37.8715,-121.5256,"water","Central Delta",NA,0,NA
2017-04-18,37.8717,-121.525512695312,"water","Central Delta",NA,0,NA
2017-04-18,37.97916,-121.57023,"water","Central Delta",NA,0,NA
2017-04-18,37.97916,-121.57022857666,"water","Central Delta",NA,0,NA
2017-04-25,37.971832,-121.37361907959,"water","Central Delta",NA,0,NA
2017-04-25,38.236111,-121.418891906738,"water","Central Delta",NA,NA,0
2017-04-25,38.30713,-121.79331,"water","North Delta",NA,NA,0.0068
2017-04-25,38.36771,-121.520500183105,"water","Sacramento River",NA,0,0
2017-04-25,38.36771,-121.5205,"water","Sacramento River",NA,NA,0
2017-05-16,37.97183,-121.37362,"water","Central Delta",NA,0,NA
2017-05-16,37.97916,-121.57022857666,"water","Central Delta",NA,0,NA
2017-05-16,38.236111,-121.4188919,"water","Central Delta",NA,0.0108,0
2017-05-16,38.306999,-121.7941971,"water","North Delta",NA,0.0077,NA
2017-05-16,38.30713,-121.79331,"water","North Delta",NA,NA,0.0068
2017-05-16,38.36771,-121.520500183105,"water","Sacramento River",NA,0,NA
2017-05-16,38.36771,-121.5205,"water","Sacramento River",NA,0,NA
2017-05-17,38.45602,-121.50134,"water","Sacramento River",0,NA,NA
2017-05-23,38.45602,-121.50134,"water","Sacramento River",NA,0,NA
2017-06-07,38.45602,-121.50134,"water","Sacramento River",NA,NA,0
2017-06-13,37.97183,-121.37362,"water","Central Delta",NA,NA,0
2017-06-13,37.971832,-121.37361907959,"water","Central Delta",NA,0,0.0038
2017-06-13,38.36771,-121.520500183105,"water","Sacramento River",NA,0,NA
2017-06-20,37.77341,-121.29245,"water","South Delta",NA,0,NA
2017-06-20,37.8715,-121.5256,"water","Central Delta",NA,0,NA
2017-06-20,37.97916,-121.57023,"water","Central Delta",NA,0,NA
2017-06-20,38.152561,-121.500953674316,"water","Central Delta",NA,0,NA
2017-06-22,38.45602,-121.50134,"water","Sacramento River",0,0,0
2017-07-12,38.55077,-121.626251220703,"water","North Delta",NA,0,0
2017-07-12,38.55234,-121.62917,"water","North Delta",NA,0,0
2017-07-13,38.27425,-121.66417,"water","North Delta",NA,0,NA
2017-07-18,37.8717,-121.525512695312,"water","Central Delta",NA,0,NA
2017-07-18,38.152561,-121.500953674316,"water","Central Delta",4.1,NA,NA
2017-07-18,38.1527,-121.4989,"water","Central Delta",0,NA,NA
2017-07-27,38.21277778,-121.6691667,"water","North Delta",NA,0,NA
2017-07-27,38.4747806,-121.588225,"water","North Delta",NA,0,NA
2017-08-22,37.770458,-121.292266845703,"water","South Delta",NA,0,NA
2017-08-22,37.77341,-121.29245,"water","South Delta",NA,0,NA
2017-08-22,37.8715,-121.5256,"water","Central Delta",NA,0,NA
2017-08-30,38.21277778,-121.6691667,"water","North Delta",NA,NA,0
2017-08-30,38.27425,-121.66417,"water","North Delta",NA,0,NA
2017-09-05,38.45602,-121.50134,"water","Sacramento River",0.04,0,0
2017-09-07,38.55234,-121.62917,"water","North Delta",NA,0,NA
2017-09-13,38.21277778,-121.6691667,"water","North Delta",NA,NA,0
2017-09-13,38.27425,-121.66417,"water","North Delta",NA,NA,0
2017-09-19,37.77341,-121.29245,"water","South Delta",NA,0,NA
2017-09-19,37.97916,-121.57023,"water","Central Delta",NA,0,NA
2017-09-19,38.53207,-121.52803,"water","Sacramento River",NA,0,0
2017-09-20,38.21277778,-121.6691667,"water","North Delta",NA,NA,0
2017-09-20,38.4747806,-121.588225,"water","North Delta",NA,NA,0
2017-10-03,38.53207,-121.52803,"water","Sacramento River",NA,NA,0
2017-10-04,38.27425,-121.66417,"water","North Delta",NA,0,0
2017-10-18,38.21277778,-121.6691667,"water","North Delta",NA,NA,0
2017-10-18,38.27425,-121.66417,"water","North Delta",NA,NA,0
2017-10-18,38.4747806,-121.588225,"water","North Delta",NA,NA,0
2017-10-19,38.53207,-121.52803,"water","Sacramento River",NA,0,NA
2017-11-01,38.21277778,-121.6691667,"water","North Delta",NA,NA,0
2017-11-01,38.53207,-121.52803,"water","Sacramento River",NA,NA,0
2017-11-16,37.8717,-121.525512695312,"water","Central Delta",0,NA,NA
2017-11-16,37.97916,-121.57022857666,"water","Central Delta",15,NA,NA
2018-01-11,37.770458,-121.292266845703,"water","South Delta",0,NA,NA
2018-01-17,38.45602,-121.50134,"water","Sacramento River",NA,NA,0
2018-01-31,38.45602,-121.50134,"water","Sacramento River",NA,NA,0
2018-02-14,38.45602,-121.50134,"water","Sacramento River",0.04,NA,NA
2018-03-28,38.45602,-121.50134,"water","Sacramento River",0.04,NA,NA
2018-05-10,38.45602,-121.50134,"water","Sacramento River",NA,0,NA
2018-05-15,38.306999,-121.79419708252,"water","North Delta",NA,NA,0.0438
2018-05-30,38.55006,-121.62608,"water","North Delta",NA,NA,0
2018-05-30,38.55234,-121.62917,"water","North Delta",NA,0,NA
2018-06-14,38.45602,-121.50134,"water","Sacramento River",NA,0,NA
2018-06-19,38.306999,-121.79419708252,"water","North Delta",NA,NA,-0.002
2018-07-11,38.21277778,-121.6691667,"water","North Delta",NA,NA,0
2018-07-11,38.27425,-121.66417,"water","North Delta",NA,NA,0
2018-07-12,38.53207,-121.52803,"water","Sacramento River",NA,NA,0
2018-07-17,37.770458,-121.292266845703,"water","South Delta",0,NA,0
2018-07-17,37.77341,-121.29245,"water","South Delta",47,NA,NA
2018-07-17,37.8715,-121.5256,"water","Central Delta",0,NA,NA
2018-07-17,37.8717,-121.525512695312,"water","Central Delta",0,NA,0
2018-07-17,37.97916,-121.57023,"water","Central Delta",10,NA,NA
2018-07-17,37.97916,-121.57022857666,"water","Central Delta",10,NA,NA
2018-07-24,38.55234,-121.62917,"water","North Delta",NA,NA,0
2018-07-25,38.53207,-121.52803,"water","Sacramento River",NA,0,0
2018-07-26,38.21277778,-121.6691667,"water","North Delta",NA,NA,0
2018-07-26,38.4747806,-121.588225,"water","North Delta",NA,0,NA
2018-08-08,38.45602,-121.50134,"water","Sacramento River",NA,0,NA
2018-08-08,38.4747806,-121.588225,"water","North Delta",NA,0,NA
2018-08-09,38.53207,-121.52803,"water","Sacramento River",NA,NA,0
2018-08-22,38.21277778,-121.6691667,"water","North Delta",NA,0,NA
2018-08-23,38.53207,-121.52803,"water","Sacramento River",NA,0,NA
2018-08-30,38.21277778,-121.6691667,"water","North Delta",NA,0,NA
2018-08-30,38.4747806,-121.588225,"water","North Delta",NA,0,0
2018-09-04,38.4747806,-121.588225,"water","North Delta",NA,0,0
2018-09-05,38.21277778,-121.6691667,"water","North Delta",NA,0,NA
2018-09-05,38.27425,-121.66417,"water","North Delta",NA,0,NA
2018-09-05,38.55234,-121.62917,"water","North Delta",NA,0,NA
2018-09-06,38.53207,-121.52803,"water","Sacramento River",NA,0,0
2018-09-19,38.21277778,-121.6691667,"water","North Delta",NA,0,NA
2018-09-19,38.27425,-121.66417,"water","North Delta",NA,NA,0
2018-09-19,38.4747806,-121.588225,"water","North Delta",NA,NA,0
2018-10-10,38.21277778,-121.6691667,"water","North Delta",NA,0,NA
2018-10-10,38.27425,-121.66417,"water","North Delta",NA,0,NA
2018-10-10,38.4747806,-121.588225,"water","North Delta",NA,0,NA
2018-10-11,38.53207,-121.52803,"water","Sacramento River",NA,NA,0
2018-10-17,38.45602,-121.50134,"water","Sacramento River",NA,0,NA
2018-10-25,38.21277778,-121.6691667,"water","North Delta",NA,0,NA
2018-11-08,38.4747806,-121.588225,"water","North Delta",NA,NA,0
2018-11-09,38.53207,-121.52803,"water","Sacramento River",NA,NA,0
2018-11-23,38.239899,-121.564903259277,"water","Sacramento River",NA,NA,0.0141
2018-11-29,38.115582,-121.493797302246,"water","Central Delta",3,NA,NA
2018-12-04,38.45602,-121.50134,"water","Sacramento River",0.08,0,NA
2018-12-18,38.30713,-121.79331,"water","North Delta",NA,0.0221,0.0365
2018-12-18,38.45602,-121.50134,"water","Sacramento River",NA,0,NA
2018-12-19,37.97183,-121.37362,"water","Central Delta",NA,NA,0.0175
2018-12-19,38.26206944,-121.651,"water","Sacramento River",NA,0,NA
2018-12-19,38.26918889,-121.692,"water","North Delta",NA,0,NA
2018-12-19,38.27951944,-121.661,"water","North Delta",NA,NA,0.0048
2018-12-19,38.31956944,-121.693,"water","North Delta",NA,NA,0
2019-02-04,38.30713,-121.79331,"water","North Delta",NA,0,NA
2019-02-05,38.27121944,-121.703,"water","North Delta",NA,0,NA
2019-02-06,38.23916944,-121.521,"water","Sacramento River",NA,0,NA
2019-02-14,38.45602,-121.50134,"water","Sacramento River",NA,NA,0
2019-04-30,37.97183,-121.37362,"water","Central Delta",NA,0,NA
2019-04-30,38.18898889,-121.641,"water","Sacramento River",NA,0,NA
2019-04-30,38.24023889,-121.602,"water","Sacramento River",NA,0,0
2019-04-30,38.30568056,-121.657,"water","North Delta",NA,NA,0
2019-04-30,38.46178056,-121.589,"water","North Delta",NA,0,NA
2019-05-09,38.45602,-121.50134,"water","Sacramento River",NA,0,NA
2019-05-21,38.55234,-121.62917,"water","North Delta",NA,0.097,NA
2019-05-22,38.45602,-121.50134,"water","Sacramento River",0.04,0,NA
2019-06-06,38.45602,-121.50134,"water","Sacramento River",NA,0,NA
2019-06-10,38.55234,-121.62917,"water","North Delta",NA,0,NA
2019-06-17,38.30713,-121.79331,"water","North Delta",NA,0.0294,NA
2019-06-17,38.47371944,-121.5202667,"water","Sacramento River",NA,0,0
2019-06-18,38.2081972,-121.663061,"water","North Delta",NA,NA,0
2019-06-18,38.26788889,-121.663211,"water","North Delta",NA,NA,0
2019-06-18,38.38195,-121.6260139,"water","North Delta",NA,0,NA
2019-06-24,38.45602,-121.50134,"water","Sacramento River",0,NA,NA
2019-07-02,38.55234,-121.62917,"water","North Delta",NA,NA,0
2019-07-16,37.770458,-121.292266845703,"water","South Delta",0,NA,NA
2019-07-16,37.818932,-121.358299255371,"water","Central Delta",0,NA,NA
2019-07-29,37.97183,-121.37362,"water","Central Delta",NA,NA,0
2019-07-30,38.26025,-121.6788583,"water","North Delta",NA,NA,0
2019-07-30,38.27880556,-121.6777972,"water","North Delta",NA,NA,0
2019-07-30,38.2832972,-121.6857694,"water","North Delta",NA,NA,0
2019-08-19,38.45602,-121.50134,"water","Sacramento River",0.04,NA,NA
2019-09-16,37.97183,-121.37362,"water","Central Delta",NA,0,NA
2019-09-16,38.30713,-121.79331,"water","North Delta",NA,NA,0.0112
2019-09-17,38.184875,-121.661011,"water","North Delta",NA,0,0
2019-09-17,38.1927222,-121.567525,"water","Sacramento River",NA,0,NA
2019-09-17,38.27899444,-121.6877889,"water","North Delta",NA,0,NA
2019-09-17,38.301075,-121.729775,"water","North Delta",NA,0,0
