"Date","Latitude","Longitude","Matrix","Subregion","bifenthrin","cyfluthrin","esfenvalerate"
2009-10-06,38.4347,-121.5192,"water","Sacramento River",0,0,0
2009-10-06,38.434929,-121.525161743164,"water","Sacramento River",5e-04,5e-04,5e-04
2009-10-06,38.459202,-121.50309753418,"water","Sacramento River",5e-04,5e-04,5e-04
2009-10-06,38.459202,-121.5030975,"water","Sacramento River",0,0,0
2009-10-13,38.459202,-121.50309753418,"water","Sacramento River",5e-04,5e-04,5e-04
2009-10-13,38.459202,-121.5030975,"water","Sacramento River",0,0,0
2009-11-18,38.45602,-121.50134,"water","Sacramento River",NA,0,NA
2009-12-03,38.45602,-121.50134,"water","Sacramento River",NA,0,NA
2009-12-11,38.459202,-121.50309753418,"water","Sacramento River",5e-04,5e-04,5e-04
2009-12-11,38.459202,-121.5030975,"water","Sacramento River",0,0,0
2009-12-16,38.45602,-121.50134,"water","Sacramento River",NA,0,NA
2010-01-06,38.05986,-121.49934,"water","Central Delta",0,0,0
2010-01-06,38.05986,-121.499336242676,"water","Central Delta",0,0,0
2010-01-06,38.112099,-121.613563537598,"water","Central Delta",0,0,0
2010-01-06,38.1121,-121.61356,"water","Central Delta",0,0,0
2010-01-06,38.2089,-121.655151367188,"water","North Delta",0,0,0
2010-01-06,38.2089,-121.65515,"water","North Delta",0,0,0
2010-01-06,38.228298,-121.490127563477,"water","Central Delta",0,0,0
2010-01-06,38.2283,-121.49013,"water","Central Delta",0,0,0
2010-01-14,38.45602,-121.50134,"water","Sacramento River",NA,0,NA
2010-01-18,38.459202,-121.50309753418,"water","Sacramento River",5e-04,5e-04,5e-04
2010-01-18,38.459202,-121.5030975,"water","Sacramento River",0,0,0
2010-01-27,38.05986,-121.49934,"water","Central Delta",0,0,0
2010-01-27,38.05986,-121.499336242676,"water","Central Delta",0,0,0
2010-01-27,38.112099,-121.613563537598,"water","Central Delta",0,0,0
2010-01-27,38.1121,-121.61356,"water","Central Delta",0,0,0
2010-01-27,38.2089,-121.655151367188,"water","North Delta",0,0,0
2010-01-27,38.2089,-121.65515,"water","North Delta",0,0,0
2010-01-27,38.228298,-121.490127563477,"water","Central Delta",0,0,0
2010-01-27,38.2283,-121.49013,"water","Central Delta",0,0,0
2010-01-27,38.45602,-121.50134,"water","Sacramento River",NA,0,NA
2010-02-03,38.45602,-121.50134,"water","Sacramento River",NA,0,NA
2010-02-10,38.05986,-121.49934,"water","Central Delta",0,0,0
2010-02-10,38.05986,-121.499336242676,"water","Central Delta",0,0,0
2010-02-10,38.112099,-121.613563537598,"water","Central Delta",0,0,0
2010-02-10,38.1121,-121.61356,"water","Central Delta",0,0,0
2010-02-10,38.2089,-121.655151367188,"water","North Delta",0,0,0
2010-02-10,38.2089,-121.65515,"water","North Delta",0,0,0
2010-02-10,38.228298,-121.490127563477,"water","Central Delta",0,0,0
2010-02-10,38.2283,-121.49013,"water","Central Delta",0,0,0
2010-02-23,38.05986,-121.49934,"water","Central Delta",0,0,0
2010-02-23,38.05986,-121.499336242676,"water","Central Delta",0,0,0
2010-02-23,38.112099,-121.613563537598,"water","Central Delta",0,0,0
2010-02-23,38.1121,-121.61356,"water","Central Delta",0,0,0
2010-02-23,38.2089,-121.655151367188,"water","North Delta",0,0,0
2010-02-23,38.2089,-121.65515,"water","North Delta",0,0,0
2010-02-23,38.228298,-121.490127563477,"water","Central Delta",0,0,0
2010-02-23,38.2283,-121.49013,"water","Central Delta",0,0,0
2010-03-03,38.05986,-121.49934,"water","Central Delta",0,0,0
2010-03-03,38.05986,-121.499336242676,"water","Central Delta",0,0,0
2010-03-03,38.112099,-121.613563537598,"water","Central Delta",0,0,0
2010-03-03,38.1121,-121.61356,"water","Central Delta",0,0,0
2010-03-03,38.2089,-121.655151367188,"water","North Delta",0,0,0
2010-03-03,38.2089,-121.65515,"water","North Delta",0,0,0
2010-03-03,38.228298,-121.490127563477,"water","Central Delta",0,0,0
2010-03-03,38.2283,-121.49013,"water","Central Delta",0,0,0
2010-03-04,38.45602,-121.50134,"water","Sacramento River",NA,0,NA
2010-03-10,38.05986,-121.49934,"water","Central Delta",0,0,0
2010-03-10,38.05986,-121.499336242676,"water","Central Delta",0,0,0
2010-03-10,38.112099,-121.613563537598,"water","Central Delta",0,0,0
2010-03-10,38.1121,-121.61356,"water","Central Delta",0,0,0
2010-03-10,38.2089,-121.655151367188,"water","North Delta",0,0,0
2010-03-10,38.2089,-121.65515,"water","North Delta",0,0,0
2010-03-10,38.228298,-121.490127563477,"water","Central Delta",0,0,0
2010-03-10,38.2283,-121.49013,"water","Central Delta",0,0,0
2010-03-16,38.05986,-121.49934,"water","Central Delta",0,0,0
2010-03-16,38.05986,-121.499336242676,"water","Central Delta",0,0,0
2010-03-16,38.112099,-121.613563537598,"water","Central Delta",0,0,0
2010-03-16,38.1121,-121.61356,"water","Central Delta",0,0,0
2010-03-16,38.228298,-121.490127563477,"water","Central Delta",0,0,0
2010-03-16,38.2283,-121.49013,"water","Central Delta",0,0,0
2010-03-24,38.05986,-121.49934,"water","Central Delta",0,0,0
2010-03-24,38.05986,-121.499336242676,"water","Central Delta",0,0,0
2010-03-24,38.112099,-121.613563537598,"water","Central Delta",0,0,0
2010-03-24,38.1121,-121.61356,"water","Central Delta",0,0,0
2010-03-24,38.228298,-121.490127563477,"water","Central Delta",0,0,0
2010-03-24,38.2283,-121.49013,"water","Central Delta",0,0,0
2010-04-06,38.45602,-121.50134,"water","Sacramento River",NA,0,NA
2010-05-19,38.45602,-121.50134,"water","Sacramento River",NA,0,NA
2010-08-05,38.45602,-121.50134,"water","Sacramento River",NA,0,NA
2010-10-06,38.4347,-121.5192,"water","Sacramento River",7e-04,0,0
2010-10-06,38.434929,-121.525161743164,"water","Sacramento River",7e-04,5e-04,0.001
2010-10-06,38.459202,-121.50309753418,"water","Sacramento River",5e-04,5e-04,0.001
2010-10-06,38.459202,-121.5030975,"water","Sacramento River",0,0,0
2010-10-24,38.459202,-121.50309753418,"water","Sacramento River",5e-04,5e-04,0.001
2010-10-24,38.459202,-121.5030975,"water","Sacramento River",0,0,0
2010-10-26,38.45602,-121.50134,"water","Sacramento River",NA,0,NA
2010-11-09,38.45602,-121.50134,"water","Sacramento River",NA,0,NA
2010-12-06,38.459202,-121.50309753418,"water","Sacramento River",0.0011,0.0015,0.0015
2010-12-06,38.459202,-121.5030975,"water","Sacramento River",0,0,0
2010-12-15,38.45602,-121.50134,"water","Sacramento River",NA,0,NA
2010-12-28,38.45602,-121.50134,"water","Sacramento River",NA,0,NA
2011-01-11,38.45602,-121.50134,"water","Sacramento River",NA,0,NA
2011-01-26,38.45602,-121.50134,"water","Sacramento River",NA,0,NA
2011-02-10,38.45602,-121.50134,"water","Sacramento River",NA,0,NA
2011-02-16,38.459202,-121.50309753418,"water","Sacramento River",0.0015,0.0015,0.0015
2011-02-16,38.459202,-121.5030975,"water","Sacramento River",0,0,0
2011-02-19,38.234798,-121.681282043457,"water","North Delta",0,0,0
2011-02-19,38.234798,-121.681282,"water","North Delta",0,0,0
2011-02-19,38.24633,-121.7080994,"water","North Delta",0,0,0
2011-02-19,38.24633,-121.708099365234,"water","North Delta",0,0,0
2011-02-19,38.25528,-121.666999816895,"water","North Delta",0,0,0
2011-02-19,38.25528,-121.6669998,"water","North Delta",0,0,0
2011-02-19,38.27375,-121.677360534668,"water","North Delta",0,0,0
2011-02-19,38.27375,-121.6773605,"water","North Delta",0,0,0
2011-02-19,38.277748,-121.710159301758,"water","North Delta",0.0066,0,0
2011-02-19,38.277748,-121.7101593,"water","North Delta",0.0066,0,0
2011-02-19,38.293228,-121.740867614746,"water","North Delta",0,0,0
2011-02-19,38.293228,-121.7408676,"water","North Delta",0,0,0
2011-02-22,38.45602,-121.50134,"water","Sacramento River",NA,0,NA
2011-03-15,38.234798,-121.681282043457,"water","North Delta",0,0,0
2011-03-15,38.234798,-121.681282,"water","North Delta",0,0,0
2011-03-15,38.24633,-121.7080994,"water","North Delta",0,0,0
2011-03-15,38.24633,-121.708099365234,"water","North Delta",0,0,0
2011-03-15,38.25528,-121.666999816895,"water","North Delta",0,0,0
2011-03-15,38.25528,-121.6669998,"water","North Delta",0,0,0
2011-03-15,38.27375,-121.677360534668,"water","North Delta",0,0,0
2011-03-15,38.27375,-121.6773605,"water","North Delta",0,0,0
2011-03-15,38.277748,-121.710159301758,"water","North Delta",0,0,0
2011-03-15,38.277748,-121.7101593,"water","North Delta",0,0,0
2011-03-15,38.293228,-121.740867614746,"water","North Delta",0,0,0
2011-03-15,38.293228,-121.7408676,"water","North Delta",0,0,0
2011-03-15,38.45602,-121.50134,"water","Sacramento River",NA,0,NA
2011-03-19,38.234798,-121.681282043457,"water","North Delta",0,0,0
2011-03-19,38.234798,-121.681282,"water","North Delta",0,0,0
2011-03-19,38.24633,-121.7080994,"water","North Delta",0,0,0
2011-03-19,38.24633,-121.708099365234,"water","North Delta",0,0,0
2011-03-19,38.25528,-121.666999816895,"water","North Delta",0,0,0
2011-03-19,38.25528,-121.6669998,"water","North Delta",0,0,0
2011-03-19,38.27375,-121.677360534668,"water","North Delta",0,0,0
2011-03-19,38.27375,-121.6773605,"water","North Delta",0,0,0
2011-03-19,38.277748,-121.710159301758,"water","North Delta",0,0,0
2011-03-19,38.277748,-121.7101593,"water","North Delta",0,0,0
2011-03-19,38.293228,-121.740867614746,"water","North Delta",0.0021,0,0
2011-03-19,38.293228,-121.7408676,"water","North Delta",0.0021,0,0
2011-03-25,38.277748,-121.710159301758,"water","North Delta",0,0,0
2011-03-25,38.277748,-121.7101593,"water","North Delta",0,0,0
2011-03-25,38.293228,-121.740867614746,"water","North Delta",0.0025,0,0
2011-03-25,38.293228,-121.7408676,"water","North Delta",0.0025,0,0
2011-04-05,38.11694,-122.03971862793,"water","Suisun Bay",0,NA,NA
2011-04-05,38.11708,-122.03972,"water","Suisun Bay",0,0,0
2011-04-11,38.04269,-121.920227050781,"water","Confluence",0,NA,NA
2011-04-11,38.04278,-121.92013,"water","Confluence",0,0,0
2011-04-11,38.36771,-121.5205,"water","Sacramento River",0,0,0
2011-04-11,38.367962,-121.521339416504,"water","Sacramento River",0,NA,NA
2011-04-12,38.11694,-122.03971862793,"water","Suisun Bay",0.0041,NA,NA
2011-04-12,38.11708,-122.03972,"water","Suisun Bay",0,0,0
2011-04-18,38.04269,-121.920227050781,"water","Confluence",0,NA,NA
2011-04-18,38.04278,-121.92013,"water","Confluence",0,0,0
2011-04-18,38.36771,-121.5205,"water","Sacramento River",0,0,0
2011-04-18,38.367962,-121.521339416504,"water","Sacramento River",0,NA,NA
2011-04-19,38.459202,-121.50309753418,"water","Sacramento River",1e-04,2e-04,2e-04
2011-04-19,38.459202,-121.5030975,"water","Sacramento River",0,0,0
2011-04-20,38.45602,-121.50134,"water","Sacramento River",NA,0,NA
2011-04-21,38.11694,-122.03971862793,"water","Suisun Bay",0,NA,NA
2011-04-21,38.11708,-122.03972,"water","Suisun Bay",0,0,0
2011-04-25,38.04269,-121.920227050781,"water","Confluence",0,NA,NA
2011-04-25,38.04278,-121.92013,"water","Confluence",0,0,0
2011-04-25,38.36771,-121.5205,"water","Sacramento River",0,0,0
2011-04-25,38.367962,-121.521339416504,"water","Sacramento River",0,NA,NA
2011-04-26,38.11694,-122.03971862793,"water","Suisun Bay",0,NA,NA
2011-04-26,38.11708,-122.03972,"water","Suisun Bay",0,0,0
2011-05-02,38.04269,-121.920227050781,"water","Confluence",0,NA,NA
2011-05-02,38.04278,-121.92013,"water","Confluence",0,0,0
2011-05-02,38.36771,-121.5205,"water","Sacramento River",0,0,0
2011-05-02,38.367962,-121.521339416504,"water","Sacramento River",0,NA,NA
2011-05-03,38.11694,-122.03971862793,"water","Suisun Bay",0,NA,NA
2011-05-03,38.11708,-122.03972,"water","Suisun Bay",0,0,0
2011-05-03,38.234798,-121.681282043457,"water","North Delta",0,0,0
2011-05-03,38.234798,-121.681282,"water","North Delta",0,0,0
2011-05-03,38.24633,-121.7080994,"water","North Delta",0,0,0
2011-05-03,38.24633,-121.708099365234,"water","North Delta",0,0,0
2011-05-03,38.25528,-121.666999816895,"water","North Delta",0,0,0
2011-05-03,38.25528,-121.6669998,"water","North Delta",0,0,0
2011-05-03,38.27375,-121.677360534668,"water","North Delta",0,0,0
2011-05-03,38.27375,-121.6773605,"water","North Delta",0,0,0
2011-05-03,38.277748,-121.710159301758,"water","North Delta",0,0,0
2011-05-03,38.277748,-121.7101593,"water","North Delta",0,0,0
2011-05-03,38.293228,-121.740867614746,"water","North Delta",0,0,0
2011-05-03,38.293228,-121.7408676,"water","North Delta",0,0,0
2011-05-06,38.234798,-121.681282043457,"water","North Delta",0,0,0
2011-05-06,38.234798,-121.681282,"water","North Delta",0,0,0
2011-05-09,38.04269,-121.920227050781,"water","Confluence",0,NA,NA
2011-05-09,38.04278,-121.92013,"water","Confluence",0,0,0
2011-05-09,38.36771,-121.5205,"water","Sacramento River",0,0,0
2011-05-09,38.367962,-121.521339416504,"water","Sacramento River",0,NA,NA
2011-05-10,38.11694,-122.03971862793,"water","Suisun Bay",0,NA,NA
2011-05-10,38.11708,-122.03972,"water","Suisun Bay",0,0,0
2011-05-10,38.234798,-121.681282043457,"water","North Delta",0,0,0
2011-05-10,38.234798,-121.681282,"water","North Delta",0,0,0
2011-05-10,38.24633,-121.7080994,"water","North Delta",0,0,0
2011-05-10,38.24633,-121.708099365234,"water","North Delta",0,0,0
2011-05-10,38.25528,-121.666999816895,"water","North Delta",0,0,0
2011-05-10,38.25528,-121.6669998,"water","North Delta",0,0,0
2011-05-10,38.27375,-121.677360534668,"water","North Delta",0,0,0
2011-05-10,38.27375,-121.6773605,"water","North Delta",0,0,0
2011-05-10,38.277748,-121.710159301758,"water","North Delta",0,0,0
2011-05-10,38.277748,-121.7101593,"water","North Delta",0,0,0
2011-05-10,38.293228,-121.740867614746,"water","North Delta",0,0,0
2011-05-10,38.293228,-121.7408676,"water","North Delta",0,0,0
2011-05-12,38.45602,-121.50134,"water","Sacramento River",NA,0,NA
2011-05-13,38.234798,-121.681282043457,"water","North Delta",0,0,0
2011-05-13,38.234798,-121.681282,"water","North Delta",0,0,0
2011-05-16,38.04269,-121.920227050781,"water","Confluence",0,NA,NA
2011-05-16,38.04278,-121.92013,"water","Confluence",0,0,0
2011-05-16,38.36771,-121.5205,"water","Sacramento River",0,0,0
2011-05-16,38.367962,-121.521339416504,"water","Sacramento River",0,NA,NA
2011-05-17,38.11694,-122.03971862793,"water","Suisun Bay",0,NA,NA
2011-05-17,38.11708,-122.03972,"water","Suisun Bay",0,0,0
2011-05-17,38.234798,-121.681282043457,"water","North Delta",0,0,0
2011-05-17,38.234798,-121.681282,"water","North Delta",0,0,0
2011-05-17,38.24633,-121.7080994,"water","North Delta",0,0,0
2011-05-17,38.24633,-121.708099365234,"water","North Delta",0,0,0
2011-05-17,38.25528,-121.666999816895,"water","North Delta",0,0,0
2011-05-17,38.25528,-121.6669998,"water","North Delta",0,0,0
2011-05-17,38.27375,-121.677360534668,"water","North Delta",0,0,0
2011-05-17,38.27375,-121.6773605,"water","North Delta",0,0,0
2011-05-17,38.277748,-121.710159301758,"water","North Delta",0,0,0
2011-05-17,38.277748,-121.7101593,"water","North Delta",0,0,0
2011-05-17,38.293228,-121.740867614746,"water","North Delta",0,0,0
2011-05-17,38.293228,-121.7408676,"water","North Delta",0,0,0
2011-05-20,38.234798,-121.681282043457,"water","North Delta",0,0,0
2011-05-20,38.234798,-121.681282,"water","North Delta",0,0,0
2011-05-23,38.04269,-121.920227050781,"water","Confluence",0,NA,NA
2011-05-23,38.04278,-121.92013,"water","Confluence",0,0,0
2011-05-23,38.36771,-121.5205,"water","Sacramento River",0,0,0
2011-05-23,38.367962,-121.521339416504,"water","Sacramento River",0,NA,NA
2011-05-23,38.45602,-121.50134,"water","Sacramento River",NA,0,NA
2011-05-24,38.11694,-122.03971862793,"water","Suisun Bay",0,NA,NA
2011-05-24,38.11708,-122.03972,"water","Suisun Bay",0,0,0
2011-05-24,38.234798,-121.681282043457,"water","North Delta",0,0,0
2011-05-24,38.234798,-121.681282,"water","North Delta",0,0,0
2011-05-24,38.24633,-121.7080994,"water","North Delta",0,0,0
2011-05-24,38.24633,-121.708099365234,"water","North Delta",0,0,0
2011-05-24,38.25528,-121.666999816895,"water","North Delta",0,0,0
2011-05-24,38.25528,-121.6669998,"water","North Delta",0,0,0
2011-05-24,38.27375,-121.677360534668,"water","North Delta",0,0,0
2011-05-24,38.27375,-121.6773605,"water","North Delta",0,0,0
2011-05-24,38.277748,-121.710159301758,"water","North Delta",0,0,0
2011-05-24,38.277748,-121.7101593,"water","North Delta",0,0,0
2011-05-24,38.293228,-121.740867614746,"water","North Delta",0,0,0
2011-05-24,38.293228,-121.7408676,"water","North Delta",0,0,0
2011-05-27,38.234798,-121.681282043457,"water","North Delta",0,0,0
2011-05-27,38.234798,-121.681282,"water","North Delta",0,0,0
2011-05-31,38.11694,-122.03971862793,"water","Suisun Bay",0,NA,NA
2011-05-31,38.11708,-122.03972,"water","Suisun Bay",0,0,0
2011-05-31,38.234798,-121.681282043457,"water","North Delta",0,0,0
2011-05-31,38.234798,-121.681282,"water","North Delta",0,0,0
2011-05-31,38.24633,-121.7080994,"water","North Delta",0,0,0
2011-05-31,38.24633,-121.708099365234,"water","North Delta",0,0,0
2011-05-31,38.25528,-121.666999816895,"water","North Delta",0,0,0
2011-05-31,38.25528,-121.6669998,"water","North Delta",0,0,0
2011-05-31,38.27375,-121.677360534668,"water","North Delta",0,0,0
2011-05-31,38.27375,-121.6773605,"water","North Delta",0,0,0
2011-05-31,38.277748,-121.710159301758,"water","North Delta",0,0,0
2011-05-31,38.277748,-121.7101593,"water","North Delta",0,0,0
2011-05-31,38.293228,-121.740867614746,"water","North Delta",0,0,0
2011-05-31,38.293228,-121.7408676,"water","North Delta",0,0,0
2011-06-01,38.04269,-121.920227050781,"water","Confluence",0,NA,NA
2011-06-01,38.04278,-121.92013,"water","Confluence",0,0,0
2011-06-01,38.36771,-121.5205,"water","Sacramento River",0,0,0
2011-06-01,38.367962,-121.521339416504,"water","Sacramento River",0,NA,NA
2011-06-05,38.234798,-121.681282043457,"water","North Delta",0,0,0
2011-06-05,38.234798,-121.681282,"water","North Delta",0,0,0
2011-06-05,38.24633,-121.7080994,"water","North Delta",0,0,0
2011-06-05,38.24633,-121.708099365234,"water","North Delta",0,0,0
2011-06-05,38.25528,-121.666999816895,"water","North Delta",0,0,0
2011-06-05,38.25528,-121.6669998,"water","North Delta",0,0,0
2011-06-05,38.27375,-121.677360534668,"water","North Delta",0,0,0
2011-06-05,38.27375,-121.6773605,"water","North Delta",0,0,0
2011-06-05,38.277748,-121.710159301758,"water","North Delta",0,0,0
2011-06-05,38.277748,-121.7101593,"water","North Delta",0,0,0
2011-06-05,38.293228,-121.740867614746,"water","North Delta",0,0,0
2011-06-05,38.293228,-121.7408676,"water","North Delta",0,0,0
2011-06-06,38.04269,-121.920227050781,"water","Confluence",0,NA,NA
2011-06-06,38.04278,-121.92013,"water","Confluence",0,0,0
2011-06-06,38.36771,-121.5205,"water","Sacramento River",0,0,0
2011-06-06,38.367962,-121.521339416504,"water","Sacramento River",0,NA,NA
2011-06-07,38.11694,-122.03971862793,"water","Suisun Bay",0,NA,NA
2011-06-07,38.11708,-122.03972,"water","Suisun Bay",0,0,0
2011-06-07,38.45602,-121.50134,"water","Sacramento River",NA,0,NA
2011-06-09,38.234798,-121.681282043457,"water","North Delta",0,0,0
2011-06-09,38.234798,-121.681282,"water","North Delta",0,0,0
2011-06-13,38.04269,-121.920227050781,"water","Confluence",0,NA,NA
2011-06-13,38.04278,-121.92013,"water","Confluence",0,0,0
2011-06-13,38.36771,-121.5205,"water","Sacramento River",0,0,0
2011-06-13,38.367962,-121.521339416504,"water","Sacramento River",0,NA,NA
2011-06-21,38.234798,-121.681282043457,"water","North Delta",0,0,0
2011-06-21,38.234798,-121.681282,"water","North Delta",0,0,0
2011-06-21,38.24633,-121.7080994,"water","North Delta",0,0,0
2011-06-21,38.24633,-121.708099365234,"water","North Delta",0,0,0
2011-06-21,38.25528,-121.666999816895,"water","North Delta",0,0,0
2011-06-21,38.25528,-121.6669998,"water","North Delta",0,0,0
2011-06-21,38.27375,-121.677360534668,"water","North Delta",0,0,0
2011-06-21,38.27375,-121.6773605,"water","North Delta",0,0,0
2011-06-21,38.277748,-121.710159301758,"water","North Delta",0,0,0
2011-06-21,38.277748,-121.7101593,"water","North Delta",0,0,0
2011-06-21,38.293228,-121.740867614746,"water","North Delta",0,0,0
2011-06-21,38.293228,-121.7408676,"water","North Delta",0,0,0
2011-06-23,38.45602,-121.50134,"water","Sacramento River",NA,0,NA
2011-07-05,38.45602,-121.50134,"water","Sacramento River",NA,0,NA
2011-08-09,38.551128,-121.62769317627,"water","North Delta",0,0,0
2011-08-09,38.55113,-121.62769,"water","North Delta",0,0,0
2011-08-09,38.55234,-121.62917,"water","North Delta",0,0,0
2011-08-09,38.552341,-121.629173278809,"water","North Delta",0,0,0
2011-08-10,38.45602,-121.50134,"water","Sacramento River",NA,0,NA
2011-08-10,38.551128,-121.62769317627,"water","North Delta",0,0,0
2011-08-10,38.55113,-121.62769,"water","North Delta",0,0,0
2011-08-10,38.55234,-121.62917,"water","North Delta",0,0,0
2011-08-10,38.552341,-121.629173278809,"water","North Delta",0,0,0
2011-09-08,38.45602,-121.50134,"water","Sacramento River",NA,0,NA
2011-09-29,38.55006,-121.62608,"water","North Delta",0,0,0
2011-09-29,38.55077,-121.626251220703,"water","North Delta",0,0,0
2011-09-29,38.55234,-121.62917,"water","North Delta",0,0,0
2011-09-29,38.552341,-121.629173278809,"water","North Delta",0,0,0
2011-09-30,38.55006,-121.62608,"water","North Delta",0,0,0
2011-09-30,38.55077,-121.626251220703,"water","North Delta",0,0,0
2011-09-30,38.55234,-121.62917,"water","North Delta",0.003,0,0
2011-09-30,38.552341,-121.629173278809,"water","North Delta",0.003,0,0
2011-10-05,38.459202,-121.50309753418,"water","Sacramento River",1e-04,2e-04,2e-04
2011-10-05,38.459202,-121.5030975,"water","Sacramento River",0,0,0
2011-10-25,38.45602,-121.50134,"water","Sacramento River",NA,0,NA
2011-12-08,38.45602,-121.50134,"water","Sacramento River",NA,0,NA
2011-12-29,38.45602,-121.50134,"water","Sacramento River",NA,0,NA
2012-01-05,38.45602,-121.50134,"water","Sacramento River",NA,0,NA
2012-01-18,38.45602,-121.50134,"water","Sacramento River",NA,0,NA
2012-01-21,37.990723,-121.69612121582,"water","Confluence",0.272,0,0
2012-01-21,37.99151,-121.7083,"water","Confluence",0.272,0,0
2012-01-21,38.459202,-121.50309753418,"water","Sacramento River",5e-04,4e-04,4e-04
2012-01-21,38.459202,-121.5030975,"water","Sacramento River",0,0,0
2012-02-09,38.45602,-121.50134,"water","Sacramento River",NA,0,NA
2012-02-23,38.45602,-121.50134,"water","Sacramento River",NA,0,NA
2012-02-29,38.459202,-121.50309753418,"water","Sacramento River",1e-04,2e-04,2e-04
2012-02-29,38.459202,-121.5030975,"water","Sacramento River",0,0,0
2012-03-15,38.234798,-121.681282043457,"water","North Delta",0,0,0
2012-03-15,38.234798,-121.681282,"water","North Delta",0,0,0
2012-03-15,38.24633,-121.7080994,"water","North Delta",0,0,0
2012-03-15,38.24633,-121.708099365234,"water","North Delta",0,0,0
2012-03-15,38.25528,-121.666999816895,"water","North Delta",0,0,0
2012-03-15,38.25528,-121.6669998,"water","North Delta",0,0,0
2012-03-15,38.27375,-121.677360534668,"water","North Delta",0,0,0
2012-03-15,38.27375,-121.6773605,"water","North Delta",0,0,0
2012-03-15,38.277748,-121.710159301758,"water","North Delta",0,0,0
2012-03-15,38.277748,-121.7101593,"water","North Delta",0,0,0
2012-03-15,38.293228,-121.740867614746,"water","North Delta",0,0,0
2012-03-15,38.293228,-121.7408676,"water","North Delta",0,0,0
2012-03-15,38.45602,-121.50134,"water","Sacramento River",NA,0,NA
2012-03-17,37.990723,-121.69612121582,"water","Confluence",0.0253,0,0
2012-03-17,37.99151,-121.7083,"water","Confluence",0.0253,0,0
2012-03-27,38.02161,-121.8063,"water","Confluence",0,0,0
2012-03-27,38.06242,-121.82051,"water","Confluence",0,0,0
2012-03-27,38.11708,-122.03972,"water","Suisun Bay",0,0,0
2012-04-03,38.02161,-121.8063,"water","Confluence",0,0,0
2012-04-03,38.06242,-121.82051,"water","Confluence",0,0,0
2012-04-03,38.11708,-122.03972,"water","Suisun Bay",0,0,0
2012-04-10,38.02161,-121.8063,"water","Confluence",0,0,0
2012-04-10,38.06242,-121.82051,"water","Confluence",0,0,0
2012-04-10,38.11708,-122.03972,"water","Suisun Bay",0,0,0
2012-04-17,38.02161,-121.8063,"water","Confluence",0,0,0
2012-04-17,38.06242,-121.82051,"water","Confluence",0,0,0
2012-04-17,38.11708,-122.03972,"water","Suisun Bay",0,0,0
2012-04-18,38.45602,-121.50134,"water","Sacramento River",NA,0,NA
2012-04-24,38.02161,-121.8063,"water","Confluence",0,0,0
2012-04-24,38.06242,-121.82051,"water","Confluence",0,0,0
2012-04-24,38.11708,-122.03972,"water","Suisun Bay",0,0,0
2012-05-01,38.02161,-121.8063,"water","Confluence",0,0,0
2012-05-01,38.06242,-121.82051,"water","Confluence",0,0,0
2012-05-01,38.11708,-122.03972,"water","Suisun Bay",0,0,0
2012-05-01,38.459202,-121.50309753418,"water","Sacramento River",1e-04,2e-04,2e-04
2012-05-01,38.459202,-121.5030975,"water","Sacramento River",0,0,0
2012-05-08,38.02161,-121.8063,"water","Confluence",0,0,0
2012-05-08,38.06242,-121.82051,"water","Confluence",0,0,0
2012-05-08,38.11708,-122.03972,"water","Suisun Bay",0,0,0
2012-05-15,38.02161,-121.8063,"water","Confluence",0,0,0
2012-05-15,38.06242,-121.82051,"water","Confluence",0,0,0
2012-05-15,38.11708,-122.03972,"water","Suisun Bay",0,0,0
2012-05-17,38.45602,-121.50134,"water","Sacramento River",0,0,0
2012-05-22,38.02161,-121.8063,"water","Confluence",0,0,0
2012-05-22,38.06242,-121.82051,"water","Confluence",0,0,0
2012-05-22,38.11708,-122.03972,"water","Suisun Bay",0,0,0
2012-05-29,38.02161,-121.8063,"water","Confluence",0,0,0
2012-05-29,38.06242,-121.82051,"water","Confluence",0,0,0
2012-05-29,38.11708,-122.03972,"water","Suisun Bay",0,0,0
2012-05-30,38.45602,-121.50134,"water","Sacramento River",0,0,0
2012-06-12,38.45602,-121.50134,"water","Sacramento River",0,0,0
2012-06-20,38.45602,-121.50134,"water","Sacramento River",0,0,0
2012-07-09,38.45602,-121.50134,"water","Sacramento River",0,0,0
2012-07-24,38.45602,-121.50134,"water","Sacramento River",0,0,0
2012-08-07,38.45602,-121.50134,"water","Sacramento River",0,0,0
2012-08-22,38.45602,-121.50134,"water","Sacramento River",0,0,0
2012-09-05,38.45602,-121.50134,"water","Sacramento River",0,0,0
2012-09-18,38.45602,-121.50134,"water","Sacramento River",0,0,0
2012-10-18,38.45602,-121.50134,"water","Sacramento River",0,0,0
2012-10-22,38.459202,-121.50309753418,"water","Sacramento River",1e-04,2e-04,2e-04
2012-10-22,38.459202,-121.5030975,"water","Sacramento River",0,0,0
2012-10-29,38.45602,-121.50134,"water","Sacramento River",0,0,0
2012-11-14,38.45602,-121.50134,"water","Sacramento River",0,0,0
2012-11-27,38.45602,-121.50134,"water","Sacramento River",0,0,0
2012-11-29,37.990723,-121.69612121582,"water","Confluence",0.047,0.0029,3e-04
2012-11-29,37.99151,-121.7083,"water","Confluence",0.047,0.0029,0
2012-12-01,37.990723,-121.69612121582,"water","Confluence",0.15,0.025,7e-04
2012-12-01,37.99151,-121.7083,"water","Confluence",0.15,0.025,0
2012-12-04,38.45602,-121.50134,"water","Sacramento River",0,0,0
2012-12-19,38.45602,-121.50134,"water","Sacramento River",0,0,0
2012-12-21,38.459202,-121.50309753418,"water","Sacramento River",1e-04,2e-04,2e-04
2012-12-21,38.459202,-121.5030975,"water","Sacramento River",0,0,0
2012-12-22,37.990723,-121.69612121582,"water","Confluence",0.043,0.0024,0
2012-12-22,37.99151,-121.7083,"water","Confluence",0.043,0.0024,0
2013-01-08,38.45602,-121.50134,"water","Sacramento River",0,0,0
2013-01-10,38.459202,-121.50309753418,"water","Sacramento River",1e-04,2e-04,2e-04
2013-01-10,38.459202,-121.5030975,"water","Sacramento River",0,0,0
2013-01-22,38.45602,-121.50134,"water","Sacramento River",0,0,0
2013-02-05,38.45602,-121.50134,"water","Sacramento River",0,0,0
2013-02-05,38.459202,-121.50309753418,"water","Sacramento River",1e-04,2e-04,2e-04
2013-02-05,38.459202,-121.5030975,"water","Sacramento River",0,0,0
2013-02-19,38.45602,-121.50134,"water","Sacramento River",0,0,0
2013-03-05,38.459202,-121.50309753418,"water","Sacramento River",1e-04,2e-04,2e-04
2013-03-05,38.459202,-121.5030975,"water","Sacramento River",0,0,0
2013-03-12,38.45602,-121.50134,"water","Sacramento River",0,0,0
2013-03-28,38.45602,-121.50134,"water","Sacramento River",0,0,0
2013-04-01,38.45602,-121.50134,"water","Sacramento River",0,0,0
2013-04-02,38.45602,-121.50134,"water","Sacramento River",0,0,0
2013-04-02,38.459202,-121.50309753418,"water","Sacramento River",1e-04,2e-04,2e-04
2013-04-02,38.459202,-121.5030975,"water","Sacramento River",0,0,0
2013-04-03,38.45602,-121.50134,"water","Sacramento River",0,0,0
2013-04-04,38.45602,-121.50134,"water","Sacramento River",0,0,0
2013-04-04,38.459202,-121.50309753418,"water","Sacramento River",1e-04,2e-04,2e-04
2013-04-04,38.459202,-121.5030975,"water","Sacramento River",0,0,0
2013-04-05,37.990723,-121.69612121582,"water","Confluence",0.027,0.0024,2e-04
2013-04-05,37.99151,-121.7083,"water","Confluence",0.027,0.0024,0
2013-04-05,38.45602,-121.50134,"water","Sacramento River",0,0,0
2013-04-11,38.45602,-121.50134,"water","Sacramento River",0,0,0
2013-04-26,38.45602,-121.50134,"water","Sacramento River",0,0,0
2013-05-01,38.459202,-121.50309753418,"water","Sacramento River",2e-04,2e-04,2e-04
2013-05-01,38.459202,-121.5030975,"water","Sacramento River",0,0,0
2013-05-07,38.45602,-121.50134,"water","Sacramento River",0,0,0
2013-05-07,38.459202,-121.50309753418,"water","Sacramento River",0.0016,5e-04,3e-04
2013-05-07,38.459202,-121.5030975,"water","Sacramento River",0.0016,0,0
2013-05-16,38.45602,-121.50134,"water","Sacramento River",0,NA,NA
2013-05-30,38.45602,-121.50134,"water","Sacramento River",0,0,0
2013-06-04,38.45602,-121.50134,"water","Sacramento River",0,NA,NA
2013-06-04,38.459202,-121.50309753418,"water","Sacramento River",1e-04,2e-04,2e-04
2013-06-04,38.459202,-121.5030975,"water","Sacramento River",0,0,0
2013-06-13,38.45602,-121.50134,"water","Sacramento River",0,0,0
2013-06-26,38.45602,-121.50134,"water","Sacramento River",0,NA,NA
2013-07-09,38.459202,-121.50309753418,"water","Sacramento River",2e-04,2e-04,2e-04
2013-07-09,38.459202,-121.5030975,"water","Sacramento River",0,0,0
2013-07-11,38.45602,-121.50134,"water","Sacramento River",0,0,0
2013-07-29,38.45602,-121.50134,"water","Sacramento River",0,0,0
2013-08-06,38.459202,-121.50309753418,"water","Sacramento River",1e-04,2e-04,2e-04
2013-08-06,38.459202,-121.5030975,"water","Sacramento River",0,0,0
2013-08-12,38.45602,-121.50134,"water","Sacramento River",0,NA,NA
2013-09-10,38.459202,-121.50309753418,"water","Sacramento River",1e-04,2e-04,2e-04
2013-09-10,38.459202,-121.5030975,"water","Sacramento River",0,0,0
2013-10-08,38.459202,-121.50309753418,"water","Sacramento River",1e-04,2e-04,2e-04
2013-10-08,38.459202,-121.5030975,"water","Sacramento River",0,0,0
2013-10-23,38.45602,-121.50134,"water","Sacramento River",0,NA,NA
2013-11-05,38.459202,-121.50309753418,"water","Sacramento River",1e-04,2e-04,2e-04
2013-11-05,38.459202,-121.5030975,"water","Sacramento River",0,0,0
2013-11-20,38.459202,-121.50309753418,"water","Sacramento River",1e-04,2e-04,2e-04
2013-11-20,38.459202,-121.5030975,"water","Sacramento River",0,0,0
2013-12-06,38.45602,-121.50134,"water","Sacramento River",0,NA,NA
2013-12-10,38.459202,-121.50309753418,"water","Sacramento River",1e-04,2e-04,2e-04
2013-12-10,38.459202,-121.5030975,"water","Sacramento River",0,0,0
2014-01-22,38.45602,-121.50134,"water","Sacramento River",0,NA,NA
2014-01-28,38.45602,-121.50134,"water","Sacramento River",0,NA,NA
2014-02-06,37.990723,-121.69612121582,"water","Confluence",0.033,0.0092,2e-04
2014-02-06,37.99151,-121.7083,"water","Confluence",0.033,0.0092,NA
2014-02-06,38.459202,-121.50309753418,"water","Sacramento River",2e-04,2e-04,2e-04
2014-02-06,38.459202,-121.5030975,"water","Sacramento River",0,0,0
2014-02-09,37.990723,-121.69612121582,"water","Confluence",0.02,0.0032,0
2014-02-09,37.99151,-121.7083,"water","Confluence",0.02,0.0032,0
2014-02-13,38.45602,-121.50134,"water","Sacramento River",0,NA,NA
2014-02-20,38.45602,-121.50134,"water","Sacramento River",0,NA,NA
2014-02-27,38.459202,-121.50309753418,"water","Sacramento River",1e-04,2e-04,2e-04
2014-02-27,38.459202,-121.5030975,"water","Sacramento River",0,0,0
2014-03-18,38.015888,-121.83952331543,"water","Confluence",0,0,0
2014-03-18,38.01589,-121.83952,"water","Confluence",0,0,0
2014-04-15,38.45602,-121.50134,"water","Sacramento River",0,NA,NA
2014-05-08,38.459202,-121.50309753418,"water","Sacramento River",1e-04,2e-04,2e-04
2014-05-08,38.459202,-121.5030975,"water","Sacramento River",0,0,0
2014-05-13,38.45602,-121.50134,"water","Sacramento River",0,NA,NA
2014-05-28,38.45602,-121.50134,"water","Sacramento River",0,NA,NA
2014-06-03,38.45602,-121.50134,"water","Sacramento River",0,NA,NA
2014-06-30,38.45602,-121.50134,"water","Sacramento River",0,NA,NA
2014-07-24,38.45602,-121.50134,"water","Sacramento River",0,NA,NA
2014-08-13,38.45602,-121.50134,"water","Sacramento River",0,NA,NA
2014-10-16,38.45602,-121.50134,"water","Sacramento River",0,NA,NA
2014-11-01,38.459202,-121.50309753418,"water","Sacramento River",1e-04,2e-04,2e-04
2014-11-01,38.459202,-121.5030975,"water","Sacramento River",0,0,0
2014-12-09,38.45602,-121.50134,"water","Sacramento River",0,NA,NA
2014-12-12,38.459202,-121.50309753418,"water","Sacramento River",7e-04,2e-04,2e-04
2014-12-12,38.459202,-121.5030975,"water","Sacramento River",0,0,0
2015-01-14,38.45602,-121.50134,"water","Sacramento River",0,NA,NA
2015-01-27,38.45602,-121.50134,"water","Sacramento River",0,NA,NA
2015-02-07,38.459202,-121.50309753418,"water","Sacramento River",1e-04,2e-04,2e-04
2015-02-07,38.459202,-121.5030975,"water","Sacramento River",0,0,0
2015-02-20,38.45602,-121.50134,"water","Sacramento River",0,NA,NA
2015-02-25,38.45602,-121.50134,"water","Sacramento River",0,NA,NA
2015-03-16,38.45602,-121.50134,"water","Sacramento River",0,NA,NA
2015-03-25,38.236111,-121.418891906738,"water","Central Delta",0,0,0
2015-03-25,38.236111,-121.4188919,"water","Central Delta",0,0,0
2015-03-25,38.366909,-121.520370483398,"water","Sacramento River",0,0,0
2015-03-25,38.36771,-121.5205,"water","Sacramento River",0,0,0
2015-04-27,38.45602,-121.50134,"water","Sacramento River",0,NA,NA
2015-05-08,38.45602,-121.50134,"water","Sacramento River",0,NA,NA
2015-05-12,38.459202,-121.50309753418,"water","Sacramento River",5e-04,2e-04,2e-04
2015-05-12,38.459202,-121.5030975,"water","Sacramento River",0,0,0
2015-05-19,38.45602,-121.50134,"water","Sacramento River",0,NA,NA
2015-06-03,38.23829,-121.68128,"water","North Delta",0,0,0
2015-06-03,38.28838,-121.72302,"water","North Delta",0,0,0
2015-06-03,38.2892,-121.66483,"water","North Delta",0,0,0
2015-06-03,38.33486,-121.6578,"water","North Delta",0,0,0
2015-06-03,38.33501,-121.67111,"water","North Delta",0,0,0
2015-06-04,38.45602,-121.50134,"water","Sacramento River",0,NA,NA
2015-06-16,38.45602,-121.50134,"water","Sacramento River",0,NA,NA
2015-07-06,38.23829,-121.68128,"water","North Delta",0,0,0
2015-07-06,38.28838,-121.72302,"water","North Delta",0,0,0
2015-07-06,38.2892,-121.66483,"water","North Delta",0,0,0
2015-07-06,38.33486,-121.6578,"water","North Delta",0,0,0
2015-07-06,38.33501,-121.67111,"water","North Delta",0,0,0
2015-07-27,38.45602,-121.50134,"water","Sacramento River",0,NA,NA
2015-07-28,37.97183,-121.37362,"water","Central Delta",0,0,0
2015-07-28,37.971832,-121.37361907959,"water","Central Delta",0,0,0
2015-07-28,38.236111,-121.418891906738,"water","Central Delta",0,0,0
2015-07-28,38.236111,-121.4188919,"water","Central Delta",0,0,0
2015-07-28,38.306999,-121.7941971,"water","North Delta",0,0,0
2015-07-28,38.306999,-121.79419708252,"water","North Delta",0,0,0
2015-07-28,38.30713,-121.79331,"water","North Delta",0,0,0
2015-07-28,38.36771,-121.520500183105,"water","Sacramento River",0,0,0
2015-07-28,38.36771,-121.5205,"water","Sacramento River",0,0,0
2015-08-13,38.23829,-121.68128,"water","North Delta",0,0,0
2015-08-13,38.28838,-121.72302,"water","North Delta",0,0,0
2015-08-13,38.2892,-121.66483,"water","North Delta",0,0,0
2015-08-13,38.33486,-121.6578,"water","North Delta",0,0,0
2015-08-13,38.33501,-121.67111,"water","North Delta",0,0,0
2015-08-18,37.97183,-121.37362,"water","Central Delta",0,0,0
2015-08-18,37.971832,-121.37361907959,"water","Central Delta",0,0,0
2015-08-18,38.236111,-121.418891906738,"water","Central Delta",0,0,0
2015-08-18,38.236111,-121.4188919,"water","Central Delta",0,0,0
2015-08-18,38.306999,-121.7941971,"water","North Delta",0,0,0
2015-08-18,38.306999,-121.79419708252,"water","North Delta",0,0,0
2015-08-18,38.30713,-121.79331,"water","North Delta",0,0,0
2015-08-18,38.36771,-121.520500183105,"water","Sacramento River",0.0029,0,0
2015-08-18,38.36771,-121.5205,"water","Sacramento River",0.0029,0,0
2015-08-31,38.45602,-121.50134,"water","Sacramento River",0,NA,NA
2015-09-23,37.97183,-121.37362,"water","Central Delta",0,0,0
2015-09-23,37.971832,-121.37361907959,"water","Central Delta",0,0,0
2015-09-23,38.236111,-121.418891906738,"water","Central Delta",0,0,0
2015-09-23,38.236111,-121.4188919,"water","Central Delta",0,0,0
2015-09-23,38.306999,-121.7941971,"water","North Delta",0,0,0
2015-09-23,38.306999,-121.79419708252,"water","North Delta",0,0,0
2015-09-23,38.30713,-121.79331,"water","North Delta",0,0,0
2015-09-23,38.36771,-121.520500183105,"water","Sacramento River",0,0,0
2015-09-23,38.36771,-121.5205,"water","Sacramento River",0,0,0
2015-10-19,38.27425,-121.66417,"water","North Delta",0,0,0
2015-10-19,38.27425,-121.664169311523,"water","North Delta",0,0,0
2015-10-19,38.3491,-121.645,"water","North Delta",0,0,0
2015-10-19,38.35347,-121.642967224121,"water","North Delta",0,0,0
2015-10-19,38.35347,-121.6429672,"water","North Delta",0,0,0
2015-10-19,38.4747806,-121.588225,"water","North Delta",0,0,0
2015-10-19,38.474781,-121.588226318359,"water","North Delta",0,0,0
2015-10-19,38.57282,-121.58257,"water","North Delta",0,0,0
2015-10-19,38.573139,-121.582939147949,"water","North Delta",0,0,0
2015-10-21,37.97183,-121.37362,"water","Central Delta",0,0,0
2015-10-21,37.971832,-121.37361907959,"water","Central Delta",0,0,0
2015-10-21,38.236111,-121.418891906738,"water","Central Delta",0,0,0
2015-10-21,38.236111,-121.4188919,"water","Central Delta",0,0,0
2015-10-21,38.306999,-121.7941971,"water","North Delta",0,0,0
2015-10-21,38.306999,-121.79419708252,"water","North Delta",0,0,0
2015-10-21,38.30713,-121.79331,"water","North Delta",0,0,0
2015-10-21,38.36771,-121.520500183105,"water","Sacramento River",0,0,0
2015-10-21,38.36771,-121.5205,"water","Sacramento River",0,0,0
2015-10-29,38.45602,-121.50134,"water","Sacramento River",0,NA,NA
2015-11-10,37.97183,-121.37362,"water","Central Delta",0,0,0
2015-11-10,37.971832,-121.37361907959,"water","Central Delta",0,0,0
2015-11-10,38.236111,-121.418891906738,"water","Central Delta",0,0,0
2015-11-10,38.236111,-121.4188919,"water","Central Delta",0,0,0
2015-11-10,38.306999,-121.7941971,"water","North Delta",0.0333,0,0
2015-11-10,38.306999,-121.79419708252,"water","North Delta",0.0333,0,0
2015-11-10,38.30713,-121.79331,"water","North Delta",0.0333,0,0
2015-11-10,38.36771,-121.520500183105,"water","Sacramento River",0,0,0
2015-11-10,38.36771,-121.5205,"water","Sacramento River",0,0,0
2015-12-09,38.45602,-121.50134,"water","Sacramento River",0,NA,NA
2015-12-15,37.97183,-121.37362,"water","Central Delta",0,0,0
2015-12-15,37.971832,-121.37361907959,"water","Central Delta",0,0,0
2015-12-15,38.236111,-121.418891906738,"water","Central Delta",0,0,0
2015-12-15,38.236111,-121.4188919,"water","Central Delta",0,0,0
2015-12-15,38.306999,-121.7941971,"water","North Delta",0.0132,0,0
2015-12-15,38.306999,-121.79419708252,"water","North Delta",0.0132,0,0
2015-12-15,38.30713,-121.79331,"water","North Delta",0.0132,0,0
2015-12-15,38.36771,-121.520500183105,"water","Sacramento River",0,0,0
2015-12-15,38.36771,-121.5205,"water","Sacramento River",0,0,0
2016-01-14,38.45602,-121.50134,"water","Sacramento River",0,NA,NA
2016-01-19,37.97183,-121.37362,"water","Central Delta",0,0,0
2016-01-19,37.971832,-121.37361907959,"water","Central Delta",0,0,0
2016-01-19,38.236111,-121.418891906738,"water","Central Delta",0,0,0
2016-01-19,38.236111,-121.4188919,"water","Central Delta",0,0,0
2016-01-19,38.306999,-121.7941971,"water","North Delta",0,0,0
2016-01-19,38.306999,-121.79419708252,"water","North Delta",0.019,0,0
2016-01-19,38.30713,-121.79331,"water","North Delta",0,0,0
2016-01-19,38.36771,-121.520500183105,"water","Sacramento River",0,0,0
2016-01-19,38.36771,-121.5205,"water","Sacramento River",0,0,0
2016-01-27,38.45602,-121.50134,"water","Sacramento River",0,NA,NA
2016-02-10,38.45602,-121.50134,"water","Sacramento River",0,NA,NA
2016-02-17,37.97183,-121.37362,"water","Central Delta",0,0,0
2016-02-17,37.971832,-121.37361907959,"water","Central Delta",0,0,0
2016-02-17,38.236111,-121.418891906738,"water","Central Delta",0,0,0
2016-02-17,38.236111,-121.4188919,"water","Central Delta",0,0,0
2016-02-17,38.306999,-121.7941971,"water","North Delta",0.0115,0,0
2016-02-17,38.306999,-121.79419708252,"water","North Delta",0.0115,0,0
2016-02-17,38.30713,-121.79331,"water","North Delta",0.0115,0,0
2016-02-17,38.36771,-121.520500183105,"water","Sacramento River",0,0,0
2016-02-17,38.36771,-121.5205,"water","Sacramento River",0,0,0
2016-02-24,38.45602,-121.50134,"water","Sacramento River",0,NA,NA
2016-03-07,37.97183,-121.37362,"water","Central Delta",0,0,0
2016-03-07,37.971832,-121.37361907959,"water","Central Delta",0,0,0
2016-03-07,38.236111,-121.418891906738,"water","Central Delta",0,0,0
2016-03-07,38.236111,-121.4188919,"water","Central Delta",0,0,0
2016-03-07,38.306999,-121.7941971,"water","North Delta",0,0,0
2016-03-07,38.306999,-121.79419708252,"water","North Delta",0.0035,0,0
2016-03-07,38.30713,-121.79331,"water","North Delta",0,0,0
2016-03-07,38.36771,-121.520500183105,"water","Sacramento River",0,0,0
2016-03-07,38.36771,-121.5205,"water","Sacramento River",0,0,0
2016-03-30,38.45602,-121.50134,"water","Sacramento River",0,NA,NA
2016-04-19,37.97183,-121.37362,"water","Central Delta",0,0,0
2016-04-19,37.971832,-121.37361907959,"water","Central Delta",0,0,0
2016-04-19,38.236111,-121.418891906738,"water","Central Delta",0,0,0
2016-04-19,38.236111,-121.4188919,"water","Central Delta",0,0,0
2016-04-19,38.306999,-121.7941971,"water","North Delta",0,0,0
2016-04-19,38.306999,-121.79419708252,"water","North Delta",0,0,0
2016-04-19,38.30713,-121.79331,"water","North Delta",0,0,0
2016-04-19,38.36771,-121.520500183105,"water","Sacramento River",0,0,0
2016-04-19,38.36771,-121.5205,"water","Sacramento River",0,0,0
2016-04-20,38.45602,-121.50134,"water","Sacramento River",0,NA,NA
2016-05-11,38.5404,-121.51288,"water","Sacramento River",0,0,0
2016-05-12,38.36771,-121.5205,"water","Sacramento River",0,0,0
2016-05-12,38.4347,-121.5192,"water","Sacramento River",0,0,0
2016-05-12,38.45602,-121.50134,"water","Sacramento River",0,NA,NA
2016-05-12,38.46112,-121.50347,"water","Sacramento River",0,0,0
2016-05-13,38.17715,-121.59023,"water","Sacramento River",0,0,0
2016-05-13,38.28423,-121.55307,"water","Sacramento River",0,0,0
2016-05-18,37.97183,-121.37362,"water","Central Delta",0,0,0
2016-05-18,37.971832,-121.37361907959,"water","Central Delta",0,0,0
2016-05-18,38.236111,-121.418891906738,"water","Central Delta",0,0,0
2016-05-18,38.236111,-121.4188919,"water","Central Delta",0,0,0
2016-05-18,38.306999,-121.7941971,"water","North Delta",0,0,0
2016-05-18,38.306999,-121.79419708252,"water","North Delta",0,0,0
2016-05-18,38.30713,-121.79331,"water","North Delta",0,0,0
2016-05-18,38.36771,-121.520500183105,"water","Sacramento River",0,0,0
2016-05-18,38.36771,-121.5205,"water","Sacramento River",0,0,0
2016-06-09,38.45602,-121.50134,"water","Sacramento River",0,NA,NA
2016-06-15,37.97183,-121.37362,"water","Central Delta",0,0,0
2016-06-15,37.971832,-121.37361907959,"water","Central Delta",0,0,0
2016-06-15,38.236111,-121.418891906738,"water","Central Delta",0,0,0
2016-06-15,38.236111,-121.4188919,"water","Central Delta",0,0,0
2016-06-15,38.306999,-121.7941971,"water","North Delta",0,0,0
2016-06-15,38.306999,-121.79419708252,"water","North Delta",0,0,0
2016-06-15,38.30713,-121.79331,"water","North Delta",0,0,0
2016-06-15,38.36771,-121.520500183105,"water","Sacramento River",0,0,0
2016-06-15,38.36771,-121.5205,"water","Sacramento River",0,0,0
2016-06-22,38.45602,-121.50134,"water","Sacramento River",0,NA,NA
2016-06-23,38.27425,-121.66417,"water","North Delta",0,0,0
2016-06-23,38.27425,-121.664169311523,"water","North Delta",0,0,0
2016-06-23,38.4747806,-121.588225,"water","North Delta",0,0,0
2016-06-23,38.474781,-121.588226318359,"water","North Delta",0.0589,0,0
2016-07-13,37.97183,-121.37362,"water","Central Delta",0,0,0
2016-07-13,37.971832,-121.37361907959,"water","Central Delta",0,0,0
2016-07-13,38.236111,-121.418891906738,"water","Central Delta",0,0,0
2016-07-13,38.236111,-121.4188919,"water","Central Delta",0,0,0
2016-07-13,38.306999,-121.7941971,"water","North Delta",0.0117,0,NA
2016-07-13,38.306999,-121.79419708252,"water","North Delta",0.0067,0,0
2016-07-13,38.30713,-121.79331,"water","North Delta",0.0117,0,0
2016-07-13,38.36771,-121.520500183105,"water","Sacramento River",0,0,0
2016-07-13,38.36771,-121.5205,"water","Sacramento River",0,0,0
2016-07-19,38.27425,-121.66417,"water","North Delta",0,0,0
2016-07-19,38.27425,-121.664169311523,"water","North Delta",0,0,0
2016-07-19,38.4747806,-121.588225,"water","North Delta",0,0,0
2016-07-19,38.474781,-121.588226318359,"water","North Delta",0,0,0
2016-07-28,38.27425,-121.66417,"water","North Delta",0,0,0
2016-07-28,38.27425,-121.664169311523,"water","North Delta",0,0,0
2016-07-28,38.45602,-121.50134,"water","Sacramento River",0,NA,NA
2016-07-28,38.4747806,-121.588225,"water","North Delta",0,0,0
2016-07-28,38.474781,-121.588226318359,"water","North Delta",0,0,0
2016-08-02,38.27425,-121.66417,"water","North Delta",0,0,0
2016-08-02,38.27425,-121.664169311523,"water","North Delta",0,0,0
2016-08-02,38.4747806,-121.588225,"water","North Delta",0,0,0
2016-08-02,38.474781,-121.588226318359,"water","North Delta",0,0,0
2016-08-09,38.27425,-121.66417,"water","North Delta",0,0,0
2016-08-09,38.27425,-121.664169311523,"water","North Delta",0,0,0
2016-08-09,38.4747806,-121.588225,"water","North Delta",0,0,0
2016-08-09,38.474781,-121.588226318359,"water","North Delta",0,0,0
2016-08-10,38.45602,-121.50134,"water","Sacramento River",0,NA,NA
2016-08-17,37.97183,-121.37362,"water","Central Delta",0,0,0
2016-08-17,37.971832,-121.37361907959,"water","Central Delta",0,0,0
2016-08-17,38.236111,-121.418891906738,"water","Central Delta",0,0,0
2016-08-17,38.236111,-121.4188919,"water","Central Delta",0,0,0
2016-08-17,38.306999,-121.7941971,"water","North Delta",0,0,NA
2016-08-17,38.306999,-121.79419708252,"water","North Delta",0,0,0
2016-08-17,38.30713,-121.79331,"water","North Delta",0,0,0
2016-08-17,38.36771,-121.520500183105,"water","Sacramento River",0,0,0
2016-08-17,38.36771,-121.5205,"water","Sacramento River",0,0,0
2016-09-20,37.97183,-121.37362,"water","Central Delta",0,0,0
2016-09-20,37.971832,-121.37361907959,"water","Central Delta",0,0,0
2016-09-20,38.236111,-121.418891906738,"water","Central Delta",0,0,0
2016-09-20,38.236111,-121.4188919,"water","Central Delta",0,0,0
2016-09-20,38.306999,-121.7941971,"water","North Delta",0,0,NA
2016-09-20,38.306999,-121.79419708252,"water","North Delta",0,0,0
2016-09-20,38.30713,-121.79331,"water","North Delta",0,0,0
2016-09-20,38.36771,-121.520500183105,"water","Sacramento River",0,0,0
2016-09-20,38.36771,-121.5205,"water","Sacramento River",0,0,0
2016-10-18,37.97183,-121.37362,"water","Central Delta",0,0,0
2016-10-18,37.971832,-121.37361907959,"water","Central Delta",0,0,0
2016-10-18,38.236111,-121.418891906738,"water","Central Delta",0,0,0
2016-10-18,38.236111,-121.4188919,"water","Central Delta",0,0,0
2016-10-18,38.306999,-121.79419708252,"water","North Delta",0,0,0
2016-10-18,38.30713,-121.79331,"water","North Delta",0,0,0
2016-10-18,38.36771,-121.520500183105,"water","Sacramento River",0,0,0
2016-10-18,38.36771,-121.5205,"water","Sacramento River",0,0,0
2016-10-19,38.45602,-121.50134,"water","Sacramento River",0,NA,NA
2016-10-26,38.5404,-121.51288,"water","Sacramento River",0,0,0
2016-10-27,38.36771,-121.5205,"water","Sacramento River",0,0,0
2016-10-27,38.4347,-121.5192,"water","Sacramento River",0,0,0
2016-10-27,38.46112,-121.50347,"water","Sacramento River",0,0,0
2016-10-28,38.17715,-121.59023,"water","Sacramento River",0,0,0
2016-10-28,38.28423,-121.55307,"water","Sacramento River",0,0,0
2016-11-14,37.97183,-121.37362,"water","Central Delta",0,0,0
2016-11-14,37.971832,-121.37361907959,"water","Central Delta",0,0,0
2016-11-14,38.236111,-121.418891906738,"water","Central Delta",0,0,0
2016-11-14,38.236111,-121.4188919,"water","Central Delta",0,0,0
2016-11-14,38.306999,-121.7941971,"water","North Delta",0,0,0
2016-11-14,38.306999,-121.79419708252,"water","North Delta",0,0,0
2016-11-14,38.30713,-121.79331,"water","North Delta",0,0,0
2016-11-14,38.36771,-121.520500183105,"water","Sacramento River",0,0,0
2016-11-14,38.36771,-121.5205,"water","Sacramento River",0,0,0
2016-12-07,38.45602,-121.50134,"water","Sacramento River",0,NA,NA
2016-12-16,37.97183,-121.37362,"water","Central Delta",0,0,0
2016-12-16,37.971832,-121.37361907959,"water","Central Delta",0,0,0
2016-12-16,38.236111,-121.418891906738,"water","Central Delta",0,0,0
2016-12-16,38.236111,-121.4188919,"water","Central Delta",0,0,0
2016-12-16,38.306999,-121.79419708252,"water","North Delta",0,0,0
2016-12-16,38.30713,-121.79331,"water","North Delta",0,0,0
2016-12-16,38.36771,-121.520500183105,"water","Sacramento River",0,0,0
2016-12-16,38.36771,-121.5205,"water","Sacramento River",0,0,0
2017-01-09,37.97183,-121.37362,"water","Central Delta",0,0,0
2017-01-09,37.971832,-121.37361907959,"water","Central Delta",0,0,0
2017-01-09,38.236111,-121.418891906738,"water","Central Delta",0,0,0
2017-01-09,38.236111,-121.4188919,"water","Central Delta",0,0,0
2017-01-09,38.306999,-121.7941971,"water","North Delta",0,0,0
2017-01-09,38.306999,-121.79419708252,"water","North Delta",0,0,0
2017-01-09,38.30713,-121.79331,"water","North Delta",0,0,0
2017-01-09,38.36771,-121.520500183105,"water","Sacramento River",0,0,0
2017-01-09,38.36771,-121.5205,"water","Sacramento River",0,0,0
2017-01-17,38.45602,-121.50134,"water","Sacramento River",0,NA,NA
2017-01-26,38.45602,-121.50134,"water","Sacramento River",0,NA,NA
2017-02-10,38.45602,-121.50134,"water","Sacramento River",0,NA,NA
2017-02-24,38.45602,-121.50134,"water","Sacramento River",0,NA,NA
2017-02-28,37.97183,-121.37362,"water","Central Delta",0,0,0
2017-02-28,37.971832,-121.37361907959,"water","Central Delta",0,0,0
2017-02-28,38.236111,-121.418891906738,"water","Central Delta",0,0,0
2017-02-28,38.236111,-121.4188919,"water","Central Delta",0,0,0
2017-02-28,38.306999,-121.79419708252,"water","North Delta",0,0,0
2017-02-28,38.30713,-121.79331,"water","North Delta",0,0,0
2017-02-28,38.36771,-121.520500183105,"water","Sacramento River",0,0,0
2017-02-28,38.36771,-121.5205,"water","Sacramento River",0,0,0
2017-03-09,38.45602,-121.50134,"water","Sacramento River",0,NA,NA
2017-03-14,37.97183,-121.37362,"water","Central Delta",0,0,0
2017-03-14,37.971832,-121.37361907959,"water","Central Delta",0,0,0
2017-03-14,38.236111,-121.418891906738,"water","Central Delta",0,0,0
2017-03-14,38.236111,-121.4188919,"water","Central Delta",0,0,0
2017-03-14,38.306999,-121.79419708252,"water","North Delta",0,0,0
2017-03-14,38.30713,-121.79331,"water","North Delta",0.0023,0,0
2017-03-14,38.36771,-121.520500183105,"water","Sacramento River",0,0,0
2017-03-14,38.36771,-121.5205,"water","Sacramento River",0,0,0
2017-04-25,37.97183,-121.37362,"water","Central Delta",0,0,0
2017-04-25,37.971832,-121.37361907959,"water","Central Delta",0,0,0
2017-04-25,38.236111,-121.418891906738,"water","Central Delta",0,0,0
2017-04-25,38.236111,-121.4188919,"water","Central Delta",0,0,0
2017-04-25,38.306999,-121.7941971,"water","North Delta",0.0034,0,0
2017-04-25,38.306999,-121.79419708252,"water","North Delta",0,0,0
2017-04-25,38.30713,-121.79331,"water","North Delta",0.0034,0,0
2017-04-25,38.36771,-121.520500183105,"water","Sacramento River",0,0,0
2017-04-25,38.36771,-121.5205,"water","Sacramento River",0,0,0
2017-05-16,37.97183,-121.37362,"water","Central Delta",0,0,0
2017-05-16,37.971832,-121.37361907959,"water","Central Delta",0,0,0
2017-05-16,38.236111,-121.418891906738,"water","Central Delta",0,0,0
2017-05-16,38.236111,-121.4188919,"water","Central Delta",0,0,0
2017-05-16,38.306999,-121.7941971,"water","North Delta",0,0,0
2017-05-16,38.306999,-121.79419708252,"water","North Delta",0,0,0
2017-05-16,38.30713,-121.79331,"water","North Delta",0,0,0
2017-05-16,38.36771,-121.520500183105,"water","Sacramento River",0,0,0
2017-05-16,38.36771,-121.5205,"water","Sacramento River",0,0,0
2017-05-17,38.45602,-121.50134,"water","Sacramento River",0,NA,NA
2017-05-23,38.45602,-121.50134,"water","Sacramento River",0,NA,NA
2017-06-07,38.45602,-121.50134,"water","Sacramento River",0,NA,NA
2017-06-13,37.97183,-121.37362,"water","Central Delta",0,0,0
2017-06-13,37.971832,-121.37361907959,"water","Central Delta",0,0,0
2017-06-13,38.236111,-121.418891906738,"water","Central Delta",0,0,0
2017-06-13,38.236111,-121.4188919,"water","Central Delta",0,0,0
2017-06-13,38.306999,-121.79419708252,"water","North Delta",0,0,0
2017-06-13,38.30713,-121.79331,"water","North Delta",0,0,0
2017-06-13,38.36771,-121.520500183105,"water","Sacramento River",0,0,0
2017-06-13,38.36771,-121.5205,"water","Sacramento River",0,0,0
2017-06-22,38.45602,-121.50134,"water","Sacramento River",0,NA,NA
2017-06-28,38.21277778,-121.6691667,"water","North Delta",0,0,0
2017-06-28,38.27425,-121.66417,"water","North Delta",0,0,0
2017-06-28,38.4747806,-121.588225,"water","North Delta",0,0,0
2017-07-12,38.55006,-121.62608,"water","North Delta",0,NA,0
2017-07-12,38.55077,-121.626251220703,"water","North Delta",0,NA,0
2017-07-12,38.55234,-121.62917,"water","North Delta",0,NA,0
2017-07-12,38.552341,-121.629173278809,"water","North Delta",0,NA,0
2017-07-13,38.21277778,-121.6691667,"water","North Delta",0,0,0
2017-07-13,38.27425,-121.66417,"water","North Delta",0,0,0
2017-07-13,38.4747806,-121.588225,"water","North Delta",0,0,0
2017-07-20,38.45602,-121.50134,"water","Sacramento River",0,NA,NA
2017-07-27,38.21277778,-121.6691667,"water","North Delta",0,0,0
2017-07-27,38.27425,-121.66417,"water","North Delta",0,0,0
2017-07-27,38.4747806,-121.588225,"water","North Delta",0,0,0
2017-08-10,38.21277778,-121.6691667,"water","North Delta",0,0,0
2017-08-10,38.27425,-121.66417,"water","North Delta",0,0,0
2017-08-10,38.4747806,-121.588225,"water","North Delta",0,0,0
2017-08-21,38.45602,-121.50134,"water","Sacramento River",0,NA,NA
2017-08-29,38.53207,-121.52803,"water","Sacramento River",0,0,0
2017-08-30,38.21277778,-121.6691667,"water","North Delta",0,0,0
2017-08-30,38.27425,-121.66417,"water","North Delta",0,0,0
2017-08-30,38.4747806,-121.588225,"water","North Delta",0,0,0
2017-09-05,38.45602,-121.50134,"water","Sacramento River",0,NA,NA
2017-09-07,38.55006,-121.62608,"water","North Delta",0.0041,NA,0
2017-09-07,38.55077,-121.626251220703,"water","North Delta",0.0041,NA,0
2017-09-07,38.55234,-121.62917,"water","North Delta",0,NA,0
2017-09-07,38.552341,-121.629173278809,"water","North Delta",0,NA,0
2017-09-12,38.53207,-121.52803,"water","Sacramento River",0,0,0
2017-09-13,38.21277778,-121.6691667,"water","North Delta",0,0,0
2017-09-13,38.27425,-121.66417,"water","North Delta",0,0,0
2017-09-13,38.4747806,-121.588225,"water","North Delta",0,0,0
2017-09-19,38.53207,-121.52803,"water","Sacramento River",0,0,0
2017-09-20,38.21277778,-121.6691667,"water","North Delta",0,0,0
2017-09-20,38.27425,-121.66417,"water","North Delta",0,0,0
2017-09-20,38.4747806,-121.588225,"water","North Delta",0,0,0
2017-10-03,38.53207,-121.52803,"water","Sacramento River",0,0,0
2017-10-04,38.21277778,-121.6691667,"water","North Delta",0,0,0
2017-10-04,38.27425,-121.66417,"water","North Delta",0,0,0
2017-10-04,38.4747806,-121.588225,"water","North Delta",0,0,0
2017-10-18,38.21277778,-121.6691667,"water","North Delta",0,0,0
2017-10-18,38.27425,-121.66417,"water","North Delta",0,0,0
2017-10-18,38.4747806,-121.588225,"water","North Delta",0,0,0
2017-10-19,38.45602,-121.50134,"water","Sacramento River",0,NA,NA
2017-10-19,38.53207,-121.52803,"water","Sacramento River",0,0,0
2017-11-01,38.21277778,-121.6691667,"water","North Delta",0,0,0
2017-11-01,38.27425,-121.66417,"water","North Delta",0,0,0
2017-11-01,38.4747806,-121.588225,"water","North Delta",0,0,0
2017-11-01,38.53207,-121.52803,"water","Sacramento River",0,0,0
2017-12-07,38.45602,-121.50134,"water","Sacramento River",0,NA,NA
2018-01-17,38.45602,-121.50134,"water","Sacramento River",0,NA,NA
2018-01-31,38.45602,-121.50134,"water","Sacramento River",0,NA,NA
2018-02-14,38.45602,-121.50134,"water","Sacramento River",0,NA,NA
2018-02-20,37.770458,-121.292266845703,"water","South Delta",NA,NA,0
2018-02-20,38.239899,-121.564903259277,"water","Sacramento River",2e-04,0,0
2018-02-20,38.2399,-121.5649,"water","Sacramento River",0,0,0
2018-02-20,38.306999,-121.7941971,"water","North Delta",0,0,0
2018-02-20,38.306999,-121.79419708252,"water","North Delta",2e-04,0,0
2018-03-14,38.239899,-121.564903259277,"water","Sacramento River",0.0024,0,0
2018-03-14,38.2399,-121.5649,"water","Sacramento River",0.0024,0,0
2018-03-14,38.3067,-121.6874,"water","North Delta",0,0,0
2018-03-14,38.306801,-121.693397521973,"water","North Delta",0,0,0
2018-03-14,38.306999,-121.7941971,"water","North Delta",7e-04,0,0
2018-03-14,38.306999,-121.79419708252,"water","North Delta",7e-04,0,0
2018-03-28,38.45602,-121.50134,"water","Sacramento River",0,NA,NA
2018-04-17,38.239899,-121.564903259277,"water","Sacramento River",0.0014,0,0
2018-04-17,38.2399,-121.5649,"water","Sacramento River",0.0014,0,0
2018-04-19,38.45602,-121.50134,"water","Sacramento River",0,NA,NA
2018-05-10,38.45602,-121.50134,"water","Sacramento River",0,NA,NA
2018-05-15,37.770458,-121.292266845703,"water","South Delta",0,NA,0
2018-05-15,37.77341,-121.29245,"water","South Delta",0,NA,0
2018-05-15,38.239899,-121.564903259277,"water","Sacramento River",0.0012,0,0
2018-05-15,38.2399,-121.5649,"water","Sacramento River",0.0012,0,0
2018-05-15,38.3067,-121.6874,"water","North Delta",0.015,0,0
2018-05-15,38.306801,-121.693397521973,"water","North Delta",0,0,0
2018-05-15,38.306999,-121.7941971,"water","North Delta",0,0.0012,0
2018-05-15,38.306999,-121.79419708252,"water","North Delta",0,0.0012,0
2018-05-30,38.45602,-121.50134,"water","Sacramento River",0,NA,NA
2018-05-30,38.55006,-121.62608,"water","North Delta",0,0,0
2018-05-30,38.55234,-121.62917,"water","North Delta",0,0,0
2018-06-14,38.45602,-121.50134,"water","Sacramento River",0,NA,NA
2018-06-19,37.770458,-121.292266845703,"water","South Delta",0,NA,0
2018-06-19,37.8717,-121.525512695312,"water","Central Delta",NA,NA,8e-04
2018-06-19,37.97916,-121.57022857666,"water","Central Delta",NA,NA,0
2018-06-19,38.152561,-121.500953674316,"water","Central Delta",NA,0,0
2018-06-19,38.306999,-121.7941971,"water","North Delta",0,0.016,0
2018-06-19,38.306999,-121.79419708252,"water","North Delta",0,0,0
2018-07-11,38.21277778,-121.6691667,"water","North Delta",0,0,0
2018-07-11,38.27425,-121.66417,"water","North Delta",0,0,0
2018-07-11,38.4747806,-121.588225,"water","North Delta",0,0,0
2018-07-12,38.45602,-121.50134,"water","Sacramento River",0,NA,NA
2018-07-12,38.53207,-121.52803,"water","Sacramento River",0,0,0
2018-07-17,37.770458,-121.292266845703,"water","South Delta",0,0,NA
2018-07-17,37.77341,-121.29245,"water","South Delta",0,0,NA
2018-07-17,37.8715,-121.5256,"water","Central Delta",0.003,NA,0
2018-07-17,37.8717,-121.525512695312,"water","Central Delta",0.003,NA,0
2018-07-17,37.97916,-121.57023,"water","Central Delta",0,NA,NA
2018-07-17,37.97916,-121.57022857666,"water","Central Delta",0,NA,NA
2018-07-17,38.152561,-121.500953674316,"water","Central Delta",0,0,NA
2018-07-17,38.1527,-121.4989,"water","Central Delta",0,0,NA
2018-07-17,38.306999,-121.7941971,"water","North Delta",0.013,0,0
2018-07-17,38.306999,-121.79419708252,"water","North Delta",0,0,0
2018-07-24,38.55006,-121.62608,"water","North Delta",0.00117,0,0
2018-07-24,38.55234,-121.62917,"water","North Delta",0,0,0
2018-07-25,38.53207,-121.52803,"water","Sacramento River",0,0,0
2018-07-26,38.21277778,-121.6691667,"water","North Delta",0,0,0
2018-07-26,38.27425,-121.66417,"water","North Delta",0,0,0
2018-07-26,38.4747806,-121.588225,"water","North Delta",0,0,0
2018-08-08,38.21277778,-121.6691667,"water","North Delta",0,0,0
2018-08-08,38.27425,-121.66417,"water","North Delta",0,0,0
2018-08-08,38.45602,-121.50134,"water","Sacramento River",0,NA,NA
2018-08-08,38.4747806,-121.588225,"water","North Delta",0,0,0
2018-08-09,38.53207,-121.52803,"water","Sacramento River",0,0,0
2018-08-20,38.45602,-121.50134,"water","Sacramento River",0,NA,NA
2018-08-21,37.770458,-121.292266845703,"water","South Delta",0,NA,NA
2018-08-21,37.77341,-121.29245,"water","South Delta",0.0116,NA,NA
2018-08-21,37.8715,-121.5256,"water","Central Delta",0.002,NA,0
2018-08-21,37.8717,-121.525512695312,"water","Central Delta",0.002,NA,0
2018-08-21,37.97916,-121.57023,"water","Central Delta",NA,NA,0.0163
2018-08-21,37.97916,-121.57022857666,"water","Central Delta",NA,NA,0
2018-08-21,38.152561,-121.500953674316,"water","Central Delta",0,NA,NA
2018-08-21,38.1527,-121.4989,"water","Central Delta",0,NA,NA
2018-08-21,38.239899,-121.564903259277,"water","Sacramento River",0,0,0
2018-08-21,38.2399,-121.5649,"water","Sacramento River",0.0092,0,0.019
2018-08-21,38.3067,-121.6874,"water","North Delta",0,0,0
2018-08-21,38.306801,-121.693397521973,"water","North Delta",0,0,0
2018-08-21,38.306999,-121.7941971,"water","North Delta",0,0,0
2018-08-21,38.306999,-121.79419708252,"water","North Delta",0,0,0
2018-08-21,38.4747806,-121.588225,"water","North Delta",0,0,0
2018-08-22,38.21277778,-121.6691667,"water","North Delta",0,0,0
2018-08-22,38.27425,-121.66417,"water","North Delta",0,0,0
2018-08-23,38.53207,-121.52803,"water","Sacramento River",0,0,0
2018-08-30,38.21277778,-121.6691667,"water","North Delta",0,0,0
2018-08-30,38.27425,-121.66417,"water","North Delta",0,0,0
2018-08-30,38.4747806,-121.588225,"water","North Delta",0,0,0
2018-09-04,38.4747806,-121.588225,"water","North Delta",0,0,0
2018-09-05,38.21277778,-121.6691667,"water","North Delta",0,0,0
2018-09-05,38.27425,-121.66417,"water","North Delta",0,0,0
2018-09-05,38.55006,-121.62608,"water","North Delta",0.00211,0,0
2018-09-05,38.55234,-121.62917,"water","North Delta",0,0,0
2018-09-06,38.53207,-121.52803,"water","Sacramento River",0,0,0
2018-09-18,37.770458,-121.292266845703,"water","South Delta",0,0,NA
2018-09-18,37.77341,-121.29245,"water","South Delta",0.0144,0.0151,NA
2018-09-18,37.8715,-121.5256,"water","Central Delta",0.002,NA,NA
2018-09-18,37.8717,-121.525512695312,"water","Central Delta",0.002,NA,NA
2018-09-18,37.97916,-121.57023,"water","Central Delta",0,NA,NA
2018-09-18,37.97916,-121.57022857666,"water","Central Delta",0,NA,NA
2018-09-18,38.239899,-121.564903259277,"water","Sacramento River",3e-04,0,0
2018-09-18,38.2399,-121.5649,"water","Sacramento River",0,0,0
2018-09-18,38.306999,-121.7941971,"water","North Delta",0,0,0
2018-09-18,38.306999,-121.79419708252,"water","North Delta",5e-04,0,0
2018-09-19,38.21277778,-121.6691667,"water","North Delta",0,0,0
2018-09-19,38.27425,-121.66417,"water","North Delta",0,0,0
2018-09-19,38.4747806,-121.588225,"water","North Delta",0,0,0
2018-09-20,38.53207,-121.52803,"water","Sacramento River",0,0,0
2018-10-10,38.21277778,-121.6691667,"water","North Delta",0,0,0
2018-10-10,38.27425,-121.66417,"water","North Delta",0,0,0
2018-10-10,38.4747806,-121.588225,"water","North Delta",0,0,0
2018-10-11,38.53207,-121.52803,"water","Sacramento River",0,0,0
2018-10-16,38.115582,-121.493797302246,"water","Central Delta",NA,NA,0
2018-10-16,38.306999,-121.7941971,"water","North Delta",0.013,0.013,0.026
2018-10-16,38.306999,-121.79419708252,"water","North Delta",0,0,0
2018-10-17,38.45602,-121.50134,"water","Sacramento River",0,NA,NA
2018-10-25,38.21277778,-121.6691667,"water","North Delta",0,0,0
2018-10-25,38.27425,-121.66417,"water","North Delta",0,0,0
2018-10-25,38.4747806,-121.588225,"water","North Delta",0,0,0
2018-10-26,38.53207,-121.52803,"water","Sacramento River",0,0,0
2018-11-08,38.4747806,-121.588225,"water","North Delta",0,0,0
2018-11-09,38.53207,-121.52803,"water","Sacramento River",0,0,0
2018-11-23,38.3067,-121.6874,"water","North Delta",0,0.018,0.035
2018-11-23,38.306801,-121.693397521973,"water","North Delta",0,0,0
2018-12-04,38.45602,-121.50134,"water","Sacramento River",0,NA,NA
2018-12-18,38.30713,-121.79331,"water","North Delta",0,0,0
2018-12-18,38.45602,-121.50134,"water","Sacramento River",0,NA,NA
2018-12-19,37.97183,-121.37362,"water","Central Delta",0,0,0
2018-12-19,38.16498056,-121.621,"water","Sacramento River",0,0,0
2018-12-19,38.26105,-121.748,"water","North Delta",0,0,0
2018-12-19,38.26206944,-121.651,"water","Sacramento River",0,0,0
2018-12-19,38.26918889,-121.692,"water","North Delta",0,0,0
2018-12-19,38.27951944,-121.661,"water","North Delta",0,0,0
2018-12-19,38.31956944,-121.693,"water","North Delta",0,0,0
2018-12-28,38.36771,-121.520500183105,"water","Sacramento River",0,0,0
2019-02-04,38.30713,-121.79331,"water","North Delta",0,0,0
2019-02-05,37.770458,-121.292266845703,"water","South Delta",NA,NA,3e-04
2019-02-05,38.25213889,-121.676,"water","North Delta",0,0,0
2019-02-05,38.25905,-121.668,"water","North Delta",0,0,0
2019-02-05,38.27121944,-121.703,"water","North Delta",0,0,0
2019-02-05,38.2743,-121.674,"water","North Delta",0,0,0
2019-02-06,37.97183,-121.37362,"water","Central Delta",0,0,0
2019-02-06,38.23916944,-121.521,"water","Sacramento River",0,0,0
2019-02-06,38.294,-121.5824389,"water","Sacramento River",0,0,0
2019-02-14,38.45602,-121.50134,"water","Sacramento River",0,NA,NA
2019-03-01,38.45602,-121.50134,"water","Sacramento River",0,NA,NA
2019-03-13,38.45602,-121.50134,"water","Sacramento River",0,NA,NA
2019-04-29,38.30713,-121.79331,"water","North Delta",0,0,0
2019-04-30,37.97183,-121.37362,"water","Central Delta",0,0,0
2019-04-30,38.18898889,-121.641,"water","Sacramento River",0,0,0
2019-04-30,38.24023889,-121.602,"water","Sacramento River",0,0,0
2019-04-30,38.24956944,-121.675,"water","North Delta",0,0,0
2019-04-30,38.2824111,-121.681,"water","North Delta",0,0,0
2019-04-30,38.30568056,-121.657,"water","North Delta",0,0,0
2019-04-30,38.46178056,-121.589,"water","North Delta",0,0,0
2019-05-09,38.45602,-121.50134,"water","Sacramento River",0,NA,NA
2019-05-21,37.770458,-121.292266845703,"water","South Delta",2e-04,NA,NA
2019-05-21,37.818932,-121.358299255371,"water","Central Delta",NA,NA,0
2019-05-22,38.45602,-121.50134,"water","Sacramento River",0,NA,NA
2019-05-29,38.55234,-121.62917,"water","North Delta",0,0,0
2019-06-06,38.45602,-121.50134,"water","Sacramento River",0,NA,NA
2019-06-10,38.55234,-121.62917,"water","North Delta",0.0017,0,0
2019-06-17,37.97183,-121.37362,"water","Central Delta",0,0,0
2019-06-17,38.30713,-121.79331,"water","North Delta",0,0,0
2019-06-17,38.47371944,-121.5202667,"water","Sacramento River",0,0,0
2019-06-18,37.770458,-121.292266845703,"water","South Delta",0,0,0
2019-06-18,37.818932,-121.358299255371,"water","Central Delta",0.005,0,0
2019-06-18,37.967369,-121.464340209961,"water","Central Delta",0,0,0
2019-06-18,38.115582,-121.493797302246,"water","Central Delta",0,0,0
2019-06-18,38.194725,-121.6190722,"water","Sacramento River",0,0,0
2019-06-18,38.2081972,-121.663061,"water","North Delta",0,0,0
2019-06-18,38.25806389,-121.7257972,"water","North Delta",0,0,0
2019-06-18,38.26788889,-121.663211,"water","North Delta",0,0,0
2019-06-18,38.38195,-121.6260139,"water","North Delta",0,0,0
2019-06-24,38.45602,-121.50134,"water","Sacramento River",0,NA,NA
2019-07-02,38.55234,-121.62917,"water","North Delta",0,0,0
2019-07-05,38.36771,-121.520500183105,"water","Sacramento River",0,0,0
2019-07-16,37.770458,-121.292266845703,"water","South Delta",2e-04,0,0
2019-07-16,37.818932,-121.358299255371,"water","Central Delta",0.002,0,0
2019-07-16,37.967369,-121.464340209961,"water","Central Delta",3e-04,0,0
2019-07-16,38.115582,-121.493797302246,"water","Central Delta",3e-04,0,0
2019-07-16,38.55234,-121.62917,"water","North Delta",0,0,0
2019-07-23,38.36771,-121.520500183105,"water","Sacramento River",0,0,0
2019-07-25,38.45602,-121.50134,"water","Sacramento River",0,NA,NA
2019-07-29,37.97183,-121.37362,"water","Central Delta",0,0,0
2019-07-29,38.3143583,-121.5772333,"water","Sacramento River",0,0,0
2019-07-29,38.4588083,-121.5023944,"water","Sacramento River",0,0,0
2019-07-30,38.26025,-121.6788583,"water","North Delta",0,0,0
2019-07-30,38.27880556,-121.6777972,"water","North Delta",0,0,0
2019-07-30,38.2832972,-121.6857694,"water","North Delta",0,0,0
2019-07-30,38.30713,-121.79331,"water","North Delta",0,0,0
2019-07-30,38.4330083,-121.6028833,"water","North Delta",0,0,0
2019-08-07,38.45602,-121.50134,"water","Sacramento River",0,NA,NA
2019-08-19,38.45602,-121.50134,"water","Sacramento River",0,NA,NA
2019-08-20,37.770458,-121.292266845703,"water","South Delta",2e-04,0,0
2019-08-20,37.818932,-121.3582993,"water","Central Delta",0,0,0
2019-08-20,37.818932,-121.358299255371,"water","Central Delta",5e-04,0,0
2019-08-20,37.967369,-121.464340209961,"water","Central Delta",2e-04,0,0
2019-08-20,38.115582,-121.493797302246,"water","Central Delta",2e-04,0,0
2019-08-28,38.36771,-121.520500183105,"water","Sacramento River",0,0,0
2019-09-04,38.55234,-121.62917,"water","North Delta",0,0,0
2019-09-13,38.36771,-121.520500183105,"water","Sacramento River",0,0,0
2019-09-16,37.97183,-121.37362,"water","Central Delta",0,0,0
2019-09-16,38.30713,-121.79331,"water","North Delta",0,0,0
2019-09-16,38.51454167,-121.5456278,"water","Sacramento River",0,0,0
2019-09-17,37.770458,-121.292266845703,"water","South Delta",0,0,0
2019-09-17,37.967369,-121.464340209961,"water","Central Delta",0.002,0,0
2019-09-17,38.115582,-121.493797302246,"water","Central Delta",1e-04,0,0
2019-09-17,38.184875,-121.661011,"water","North Delta",0,0,0
2019-09-17,38.1927222,-121.567525,"water","Sacramento River",0,0,0
2019-09-17,38.27899444,-121.6877889,"water","North Delta",0,0,0
2019-09-17,38.301075,-121.729775,"water","North Delta",0,0,0
2019-09-17,38.3179833,-121.6517694,"water","North Delta",0,0,0
