"Date","Latitude","Longitude","Matrix","Subregion","oxygen","ph","temperature","salinity","electricalconductivity","turbidity","nitrate","nitrite"
2009-10-06,37.7705,-121.292,"water","South Delta",7,7.82,25,NA,NA,NA,NA,NA
2009-10-06,37.9556,-121.422,"water","Central Delta",7.2,7.58,24,NA,NA,NA,NA,NA
2009-10-06,38.0632,-121.603,"water","Central Delta",7.9,8.32,26,NA,NA,NA,NA,NA
2009-10-27,38.3669,-121.52,"water","Sacramento River",7.85,7.43,22.2,NA,NA,NA,NA,NA
2009-11-10,37.7705,-121.292,"water","South Delta",8.4,8.57,24,NA,NA,NA,NA,NA
2009-11-10,37.9556,-121.422,"water","Central Delta",8.7,7.55,24,NA,NA,NA,NA,NA
2009-11-10,38.0632,-121.603,"water","Central Delta",8.2,7.82,24,NA,NA,NA,NA,NA
2009-12-08,37.7705,-121.292,"water","South Delta",8.4,8.44,25,NA,NA,NA,NA,NA
2009-12-08,37.9556,-121.422,"water","Central Delta",8.3,7.71,24,NA,NA,NA,NA,NA
2009-12-08,38.0632,-121.603,"water","Central Delta",7.3,8.58,25,NA,NA,NA,NA,NA
2010-01-06,38.0599,-121.499,"water","Central Delta",6,7.71,16,NA,NA,NA,NA,NA
2010-01-06,38.1121,-121.614,"water","Central Delta",10.2,8.19,26,NA,NA,NA,NA,NA
2010-01-06,38.2089,-121.655,"water","North Delta",8.2,7.01,24,NA,NA,NA,NA,NA
2010-01-06,38.2283,-121.49,"water","Central Delta",8.2,7.91,24,NA,NA,NA,NA,NA
2010-01-13,37.7705,-121.292,"water","South Delta",5.8,7.57,26,NA,NA,NA,NA,NA
2010-01-13,37.9556,-121.422,"water","Central Delta",8.5,8.19,24,NA,NA,NA,NA,NA
2010-01-13,38.1156,-121.494,"water","Central Delta",8.2,8.22,25,NA,NA,NA,NA,NA
2010-01-13,38.1526,-121.501,"water","Central Delta",6.1,7.31,26,NA,NA,NA,NA,NA
2010-01-27,38.0599,-121.499,"water","Central Delta",7.6,7.12,24,NA,NA,NA,NA,NA
2010-01-27,38.1121,-121.614,"water","Central Delta",5.9,8.13,25,NA,NA,NA,NA,NA
2010-01-27,38.2089,-121.655,"water","North Delta",8.6,8.13,25,NA,NA,NA,NA,NA
2010-01-27,38.2283,-121.49,"water","Central Delta",7.1,7.55,26,NA,NA,NA,NA,NA
2010-02-09,37.7705,-121.292,"water","South Delta",8.5,7.59,25,NA,NA,NA,NA,NA
2010-02-09,37.9556,-121.422,"water","Central Delta",8.3,7.37,25,NA,NA,NA,NA,NA
2010-02-09,38.0558,-122.09,"water","Suisun Bay",6.17,8.44,24.7,30.38,NA,NA,NA,NA
2010-02-09,38.0818,-122.036,"water","Suisun Bay",8.81,8.26,24.7,29.14,NA,NA,NA,NA
2010-02-09,38.1107,-122.049,"water","Suisun Bay",6.24,7.91,14.3,28.69,NA,NA,NA,NA
2010-02-09,38.1155,-122.04,"water","Suisun Bay",8.78,8.21,24,30.44,NA,NA,NA,NA
2010-02-09,38.1156,-121.494,"water","Central Delta",8.4,7.84,24,NA,NA,NA,NA,NA
2010-02-09,38.1203,-122.016,"water","Suisun Bay",6.28,8.5,24,29.12,NA,NA,NA,NA
2010-02-09,38.1526,-121.501,"water","Central Delta",8.2,7.28,26,NA,NA,NA,NA,NA
2010-02-09,38.3669,-121.52,"water","Sacramento River",6.94,7.98,25.7,NA,NA,NA,NA,NA
2010-02-10,38.0205,-121.806,"water","Confluence",8.41,7.82,24.7,31.2,NA,NA,NA,NA
2010-02-10,38.0597,-121.811,"water","Confluence",8.16,8.27,14.3,30.01,NA,NA,NA,NA
2010-02-10,38.0599,-121.499,"water","Central Delta",6.7,7.6,24,NA,NA,NA,NA,NA
2010-02-10,38.1121,-121.614,"water","Central Delta",6.9,8.21,24,NA,NA,NA,NA,NA
2010-02-10,38.2089,-121.655,"water","North Delta",6.6,7.04,24,NA,NA,NA,NA,NA
2010-02-10,38.2283,-121.49,"water","Central Delta",8.6,7.66,24,NA,NA,NA,NA,NA
2010-02-23,38.0599,-121.499,"water","Central Delta",6.5,7.47,24,NA,NA,NA,NA,NA
2010-02-23,38.1121,-121.614,"water","Central Delta",8.9,7.18,24,NA,NA,NA,NA,NA
2010-02-23,38.2089,-121.655,"water","North Delta",8,7.7,24,NA,NA,NA,NA,NA
2010-02-23,38.2283,-121.49,"water","Central Delta",8.4,7.69,24,NA,NA,NA,NA,NA
2010-03-03,38.0599,-121.499,"water","Central Delta",10,7.99,24,NA,NA,NA,NA,NA
2010-03-03,38.1121,-121.614,"water","Central Delta",8.4,7.2,24,NA,NA,NA,NA,NA
2010-03-03,38.2089,-121.655,"water","North Delta",8.4,7.21,24,NA,NA,NA,NA,NA
2010-03-03,38.2283,-121.49,"water","Central Delta",8,7.65,24,NA,NA,NA,NA,NA
2010-03-10,38.0599,-121.499,"water","Central Delta",8.2,7.37,15.4,NA,NA,NA,NA,NA
2010-03-10,38.1121,-121.614,"water","Central Delta",10.1,8.18,25,NA,NA,NA,NA,NA
2010-03-10,38.2089,-121.655,"water","North Delta",9.4,7.42,25,NA,NA,NA,NA,NA
2010-03-10,38.2283,-121.49,"water","Central Delta",7.8,7.87,24,NA,NA,NA,NA,NA
2010-03-16,37.7705,-121.292,"water","South Delta",6.2,7.44,26,NA,NA,NA,NA,NA
2010-03-16,37.9556,-121.422,"water","Central Delta",8.3,7.59,26,NA,NA,NA,NA,NA
2010-03-16,38.0599,-121.499,"water","Central Delta",7.6,7.85,24,NA,NA,NA,NA,NA
2010-03-16,38.1121,-121.614,"water","Central Delta",6.7,7.63,25,NA,NA,NA,NA,NA
2010-03-16,38.1156,-121.494,"water","Central Delta",7.8,7.43,26,NA,NA,NA,NA,NA
2010-03-16,38.1526,-121.501,"water","Central Delta",6.2,7.3,26,NA,NA,NA,NA,NA
2010-03-16,38.2283,-121.49,"water","Central Delta",6.9,7.93,16.3,NA,NA,NA,NA,NA
2010-03-24,38.0599,-121.499,"water","Central Delta",7.6,8.03,17,NA,NA,NA,NA,NA
2010-03-24,38.1121,-121.614,"water","Central Delta",10.1,7.77,25,NA,NA,NA,NA,NA
2010-03-24,38.2283,-121.49,"water","Central Delta",9.7,7.95,24,NA,NA,NA,NA,NA
2010-04-13,37.7705,-121.292,"water","South Delta",8.2,8.83,25,NA,NA,NA,NA,NA
2010-04-13,37.8208,-121.5,"water","Central Delta",6.1,8.11,24,NA,NA,NA,NA,NA
2010-04-13,37.9556,-121.422,"water","Central Delta",8.4,7.63,25,NA,NA,NA,NA,NA
2010-04-13,38.1156,-121.494,"water","Central Delta",6.4,7.32,25,NA,NA,NA,NA,NA
2010-04-13,38.1526,-121.501,"water","Central Delta",8.1,7.99,24,NA,NA,NA,NA,NA
2010-04-16,38.1599,-121.686,"water","Confluence",8,8.37,21.8,NA,NA,NA,NA,NA
2010-04-16,38.1724,-121.595,"water","Sacramento River",6.9,8.29,21.5,NA,NA,NA,NA,NA
2010-04-16,38.2147,-121.607,"water","Sacramento River",7,7.63,24.5,NA,NA,NA,NA,NA
2010-04-16,38.2439,-121.694,"water","North Delta",8,8.1,21.7,NA,NA,NA,NA,NA
2010-04-16,38.2472,-121.694,"water","North Delta",8,8.15,21.6,NA,NA,NA,NA,NA
2010-04-16,38.292,-121.631,"water","Sacramento River",6.7,8.25,21.8,NA,NA,NA,NA,NA
2010-04-22,37.8246,-121.596,"water","Central Delta",8,8.28,16.6,NA,1393,10.7,NA,NA
2010-04-22,38.4544,-121.5,"water","Sacramento River",8.4,8.03,16.9,NA,165.1,25.3,NA,NA
2010-04-22,38.4783,-121.544,"water","Sacramento River",10.3,7.71,16.8,NA,159,33.3,NA,NA
2010-04-28,38.1599,-121.686,"water","Confluence",6.8,7.8,25.4,NA,NA,NA,NA,NA
2010-04-28,38.1724,-121.595,"water","Sacramento River",7,7.68,21.6,NA,NA,NA,NA,NA
2010-04-28,38.2147,-121.607,"water","Sacramento River",6.8,7.67,21.3,NA,NA,NA,NA,NA
2010-04-28,38.2439,-121.694,"water","North Delta",7.1,7.97,21.5,NA,NA,NA,NA,NA
2010-04-28,38.2472,-121.694,"water","North Delta",8.2,8.01,21.3,NA,NA,NA,NA,NA
2010-04-28,38.292,-121.631,"water","Sacramento River",6.5,8.29,21.1,NA,NA,NA,NA,NA
2010-05-05,38.1599,-121.686,"water","Confluence",7.2,7.64,25,NA,NA,NA,NA,NA
2010-05-05,38.1724,-121.595,"water","Sacramento River",7.4,7.63,22.1,NA,NA,NA,NA,NA
2010-05-05,38.2147,-121.607,"water","Sacramento River",7.5,7.61,25.1,NA,NA,NA,NA,NA
2010-05-05,38.2439,-121.694,"water","North Delta",7.3,8.17,22,NA,NA,NA,NA,NA
2010-05-05,38.2472,-121.694,"water","North Delta",6.8,7.79,25,NA,NA,NA,NA,NA
2010-05-05,38.292,-121.631,"water","Sacramento River",8.1,7.62,25,NA,NA,NA,NA,NA
2010-05-11,37.7705,-121.292,"water","South Delta",7.9,7.64,26,NA,NA,NA,NA,NA
2010-05-11,37.8208,-121.5,"water","Central Delta",5.6,8.66,25,NA,NA,NA,NA,NA
2010-05-11,37.8418,-121.53,"water","Central Delta",5.7,7.85,25,NA,NA,NA,NA,NA
2010-05-11,37.9556,-121.422,"water","Central Delta",6,8.09,26,NA,NA,NA,NA,NA
2010-05-11,38.1156,-121.494,"water","Central Delta",8.1,9.01,25,NA,NA,NA,NA,NA
2010-05-11,38.1526,-121.501,"water","Central Delta",8,8.11,26,NA,NA,NA,NA,NA
2010-05-20,37.8246,-121.596,"water","Central Delta",8.1,8.26,15,NA,1371,4.47,NA,NA
2010-05-20,38.4544,-121.5,"water","Sacramento River",10.6,8.19,16.6,NA,274.5,10.2,NA,NA
2010-05-20,38.4783,-121.544,"water","Sacramento River",10.8,8.42,13.9,NA,98,12,NA,NA
2010-06-03,38.1599,-121.686,"water","Confluence",7.2,7.9,25.2,NA,NA,NA,NA,NA
2010-06-03,38.1724,-121.595,"water","Sacramento River",7.2,7.69,25,NA,NA,NA,NA,NA
2010-06-03,38.2147,-121.607,"water","Sacramento River",8.6,7.69,24.9,NA,NA,NA,NA,NA
2010-06-03,38.2439,-121.694,"water","North Delta",7.1,8.07,24.6,NA,NA,NA,NA,NA
2010-06-03,38.2472,-121.694,"water","North Delta",7.1,8.34,25.1,NA,NA,NA,NA,NA
2010-06-03,38.292,-121.631,"water","Sacramento River",7.1,7.98,24.5,NA,NA,NA,NA,NA
2010-06-08,37.7705,-121.292,"water","South Delta",7.3,7.67,26,NA,NA,NA,NA,NA
2010-06-08,37.9556,-121.422,"water","Central Delta",6.3,7.73,26,NA,NA,NA,NA,NA
2010-06-08,38.1156,-121.494,"water","Central Delta",6.9,8.28,25,NA,NA,NA,NA,NA
2010-06-08,38.1526,-121.501,"water","Central Delta",7.2,6.97,25,NA,NA,NA,NA,NA
2010-06-17,37.8246,-121.596,"water","Central Delta",9.3,7.59,16.5,NA,523,12.2,NA,NA
2010-06-17,38.4544,-121.5,"water","Sacramento River",10.5,7.93,13.4,NA,294.3,8.1,NA,NA
2010-06-17,38.4783,-121.544,"water","Sacramento River",10.5,7.51,16.5,NA,86.4,1.86,NA,NA
2010-07-13,37.7705,-121.292,"water","South Delta",5.5,6.1,26,NA,NA,NA,NA,NA
2010-07-13,37.8208,-121.5,"water","Central Delta",6.5,7.97,25,NA,NA,NA,NA,NA
2010-07-13,37.9556,-121.422,"water","Central Delta",8.2,7.86,26,NA,NA,NA,NA,NA
2010-07-13,38.1156,-121.494,"water","Central Delta",5.8,7.54,26,NA,NA,NA,NA,NA
2010-07-13,38.1526,-121.501,"water","Central Delta",5.3,8.17,26,NA,NA,NA,NA,NA
2010-08-10,37.7705,-121.292,"water","South Delta",7.1,7.44,25,NA,NA,NA,NA,NA
2010-08-10,37.9556,-121.422,"water","Central Delta",6.5,8.12,25,NA,NA,NA,NA,NA
2010-08-10,38.1156,-121.494,"water","Central Delta",6.3,7.41,26,NA,NA,NA,NA,NA
2010-08-10,38.1526,-121.501,"water","Central Delta",6.5,7.34,26,NA,NA,NA,NA,NA
2010-09-07,37.7705,-121.292,"water","South Delta",7.3,7.57,26,NA,NA,NA,NA,NA
2010-09-07,37.9556,-121.422,"water","Central Delta",5.9,8.17,26,NA,NA,NA,NA,NA
2010-09-07,38.1156,-121.494,"water","Central Delta",6.3,7.52,26,NA,NA,NA,NA,NA
2010-09-07,38.1526,-121.501,"water","Central Delta",5.3,7.84,26,NA,NA,NA,NA,NA
2010-10-12,37.7705,-121.292,"water","South Delta",7,7.62,25,NA,NA,NA,NA,NA
2010-10-12,37.9556,-121.422,"water","Central Delta",8.3,8.28,26,NA,NA,NA,NA,NA
2010-10-12,38.1156,-121.494,"water","Central Delta",8.3,7.58,25,NA,NA,NA,NA,NA
2010-10-12,38.1526,-121.501,"water","Central Delta",7.9,7.49,25,NA,NA,NA,NA,NA
2010-11-09,37.7705,-121.292,"water","South Delta",6.5,8.17,25,NA,NA,NA,NA,NA
2010-11-09,37.9556,-121.422,"water","Central Delta",8.4,7.59,24,NA,NA,NA,NA,NA
2010-11-09,38.1156,-121.494,"water","Central Delta",8,7.6,24,NA,NA,NA,NA,NA
2010-11-09,38.1526,-121.501,"water","Central Delta",5.3,7.34,24,NA,NA,NA,NA,NA
2010-12-07,37.7705,-121.292,"water","South Delta",7.9,7.67,26,NA,NA,NA,NA,NA
2010-12-07,37.9556,-121.422,"water","Central Delta",7.9,7.78,25,NA,NA,NA,NA,NA
2010-12-07,38.1156,-121.494,"water","Central Delta",8.4,7.31,25,NA,NA,NA,NA,NA
2010-12-07,38.1526,-121.501,"water","Central Delta",5.3,8.21,25,NA,NA,NA,NA,NA
2011-01-11,37.8208,-121.5,"water","Central Delta",5.9,8.52,24,NA,NA,NA,NA,NA
2011-01-11,37.8418,-121.53,"water","Central Delta",7.8,8.59,24,NA,NA,NA,NA,NA
2011-01-11,37.9556,-121.422,"water","Central Delta",7.8,8.53,25,NA,NA,NA,NA,NA
2011-01-11,38.1156,-121.494,"water","Central Delta",6.2,8.78,25,NA,NA,NA,NA,NA
2011-01-13,37.9556,-121.422,"water","Central Delta",8.6,7.09,25,NA,NA,NA,NA,NA
2011-01-18,38.2399,-121.565,"water","Sacramento River",9.6,9.62,NA,NA,NA,NA,NA,NA
2011-01-18,38.3068,-121.693,"water","North Delta",14.8,10,NA,NA,NA,NA,NA,NA
2011-01-18,38.307,-121.794,"water","North Delta",17.2,8.11,NA,NA,NA,NA,NA,NA
2011-02-08,37.8208,-121.5,"water","Central Delta",8.2,8.24,24,NA,NA,NA,NA,NA
2011-02-08,37.9556,-121.422,"water","Central Delta",8,8.04,26,NA,NA,NA,NA,NA
2011-02-08,38.1156,-121.494,"water","Central Delta",8.1,8.24,25,NA,NA,NA,NA,NA
2011-02-15,38.2399,-121.565,"water","Sacramento River",10.1,9.78,NA,NA,NA,NA,NA,NA
2011-02-15,38.3068,-121.693,"water","North Delta",8.6,8.24,NA,NA,NA,NA,NA,NA
2011-02-15,38.307,-121.794,"water","North Delta",7.9,8.38,NA,NA,NA,NA,NA,NA
2011-03-08,37.8208,-121.5,"water","Central Delta",7.6,7.55,26,NA,NA,NA,NA,NA
2011-03-08,37.8819,-121.652,"water","Central Delta",6.6,8.44,26,NA,NA,NA,NA,NA
2011-03-08,37.9556,-121.422,"water","Central Delta",7.6,7.76,26,NA,NA,NA,NA,NA
2011-03-15,38.2399,-121.565,"water","Sacramento River",8.6,8.36,NA,NA,NA,NA,NA,NA
2011-03-15,38.3068,-121.693,"water","North Delta",7.5,8.32,NA,NA,NA,NA,NA,NA
2011-03-15,38.307,-121.794,"water","North Delta",8.5,8.15,NA,NA,NA,NA,NA,NA
2011-04-12,37.8208,-121.5,"water","Central Delta",8.4,7.86,24,NA,NA,NA,NA,NA
2011-04-12,37.8819,-121.652,"water","Central Delta",8.4,8.13,25,NA,NA,NA,NA,NA
2011-04-12,37.9475,-121.743,"water","Confluence",8,7.94,26,NA,NA,NA,NA,NA
2011-04-12,37.9556,-121.422,"water","Central Delta",8.3,7.41,25,NA,NA,NA,NA,NA
2011-04-12,38.1156,-121.494,"water","Central Delta",8,8,24,NA,NA,NA,NA,NA
2011-04-20,38.2399,-121.565,"water","Sacramento River",6.7,8.55,NA,NA,NA,NA,NA,NA
2011-04-20,38.3068,-121.693,"water","North Delta",9.7,10.08,NA,NA,NA,NA,NA,NA
2011-04-20,38.307,-121.794,"water","North Delta",6.8,8.55,NA,NA,NA,NA,NA,NA
2011-05-17,38.2399,-121.565,"water","Sacramento River",7.5,7.71,NA,NA,NA,NA,NA,NA
2011-05-17,38.3068,-121.693,"water","North Delta",7.4,8.36,NA,NA,NA,NA,NA,NA
2011-05-17,38.307,-121.794,"water","North Delta",8,8.35,NA,NA,NA,NA,NA,NA
2011-05-24,37.8208,-121.5,"water","Central Delta",8.6,7.56,24,NA,NA,NA,NA,NA
2011-05-24,37.8418,-121.53,"water","Central Delta",7.3,7.76,24,NA,NA,NA,NA,NA
2011-05-24,37.8819,-121.652,"water","Central Delta",5.9,8.14,25,NA,NA,NA,NA,NA
2011-05-24,37.9475,-121.743,"water","Confluence",6,7.24,25,NA,NA,NA,NA,NA
2011-05-24,37.9556,-121.422,"water","Central Delta",8,7.42,25,NA,NA,NA,NA,NA
2011-05-24,38.1156,-121.494,"water","Central Delta",7.3,8.32,25,NA,NA,NA,NA,NA
2011-06-21,38.2399,-121.565,"water","Sacramento River",8.1,8.12,NA,NA,NA,NA,NA,NA
2011-06-21,38.3068,-121.693,"water","North Delta",8.2,8.28,NA,NA,NA,NA,NA,NA
2011-06-21,38.307,-121.794,"water","North Delta",17.1,8.19,NA,NA,NA,NA,NA,NA
2011-06-28,37.9475,-121.743,"water","Confluence",7.5,7.93,25,NA,NA,NA,NA,NA
2011-06-28,37.9556,-121.422,"water","Central Delta",6.5,7.95,25,NA,NA,NA,NA,NA
2011-07-19,38.2399,-121.565,"water","Sacramento River",7.8,8.17,NA,NA,NA,NA,NA,NA
2011-07-19,38.3068,-121.693,"water","North Delta",8.4,8.42,NA,NA,NA,NA,NA,NA
2011-07-19,38.307,-121.794,"water","North Delta",8.2,7.76,NA,NA,NA,NA,NA,NA
2011-07-26,37.8208,-121.5,"water","Central Delta",6,7.86,24,NA,NA,NA,NA,NA
2011-07-26,37.9475,-121.743,"water","Confluence",7.8,7.45,25,NA,NA,NA,NA,NA
2011-07-26,37.9556,-121.422,"water","Central Delta",7.8,8.06,25,NA,NA,NA,NA,NA
2011-07-28,38.0873,-121.401,"water","Central Delta",9.85,8.56,24.8,NA,NA,NA,NA,NA
2011-07-28,38.1052,-121.419,"water","Central Delta",8.74,8.8,24.8,NA,NA,NA,NA,NA
2011-07-29,38.0873,-121.401,"water","Central Delta",9.86,7.9,24.8,NA,NA,NA,NA,NA
2011-07-29,38.1052,-121.419,"water","Central Delta",7.66,8.51,24.8,NA,NA,NA,NA,NA
2011-08-09,38.5511,-121.628,"water","North Delta",7.52,8.9,23.8,NA,NA,NA,NA,NA
2011-08-09,38.5523,-121.629,"water","North Delta",7.76,8.15,23.8,NA,NA,NA,NA,NA
2011-08-10,38.5511,-121.628,"water","North Delta",7.77,8.89,24.5,NA,NA,NA,NA,NA
2011-08-10,38.5523,-121.629,"water","North Delta",7.08,8.82,23.8,NA,NA,NA,NA,NA
2011-08-16,38.3068,-121.693,"water","North Delta",8.4,8.22,NA,NA,NA,NA,NA,NA
2011-08-16,38.307,-121.794,"water","North Delta",10.2,8.23,NA,NA,NA,NA,NA,NA
2011-08-17,38.2399,-121.565,"water","Sacramento River",7.4,8.03,NA,NA,NA,NA,NA,NA
2011-08-23,37.8208,-121.5,"water","Central Delta",8,8.04,25,NA,NA,NA,NA,NA
2011-08-23,37.8819,-121.652,"water","Central Delta",6.1,8.14,26,NA,NA,NA,NA,NA
2011-08-23,37.9475,-121.743,"water","Confluence",7.8,8.44,25,NA,NA,NA,NA,NA
2011-08-23,37.9556,-121.422,"water","Central Delta",6.7,7.77,25,NA,NA,NA,NA,NA
2011-08-29,38.076,-122.057,"water","Suisun Bay",7.89,7.98,15.5,33.43,NA,NA,NA,NA
2011-08-29,38.1107,-122.049,"water","Suisun Bay",7.52,7.94,15.5,28.54,NA,NA,NA,NA
2011-08-30,38.0205,-121.806,"water","Confluence",7.67,8.19,25.7,NA,NA,NA,NA,NA
2011-08-30,38.0597,-121.811,"water","Confluence",7.32,7.85,25.7,NA,NA,NA,NA,NA
2011-08-30,38.074,-121.997,"water","Suisun Bay",7.88,7.98,15.5,32.3,NA,NA,NA,NA
2011-08-30,38.1045,-122.017,"water","Suisun Bay",7.39,7.92,15.4,28.81,NA,NA,NA,NA
2011-08-30,38.1155,-122.04,"water","Suisun Bay",7.76,8.01,15.5,29.73,NA,NA,NA,NA
2011-09-20,37.9556,-121.422,"water","Central Delta",7,7.67,25,NA,NA,NA,NA,NA
2011-09-20,38.2399,-121.565,"water","Sacramento River",8.1,7.54,NA,NA,NA,NA,NA,NA
2011-09-20,38.307,-121.794,"water","North Delta",8.1,8.58,NA,NA,NA,NA,NA,NA
2011-09-21,38.0958,-122.063,"water","Suisun Bay",5.8,7.99,NA,24.2,NA,NA,NA,NA
2011-09-22,38.0205,-121.806,"water","Confluence",10.3,7.97,NA,25.3,NA,NA,NA,NA
2011-09-22,38.0597,-121.811,"water","Confluence",5.7,7.97,NA,25.4,NA,NA,NA,NA
2011-09-29,38.5508,-121.626,"water","North Delta",7.9,8.87,22.8,NA,NA,NA,NA,NA
2011-09-29,38.5523,-121.629,"water","North Delta",8.38,8.81,22.8,NA,NA,NA,NA,NA
2011-09-30,38.5508,-121.626,"water","North Delta",8.16,8.85,22.8,NA,NA,NA,NA,NA
2011-09-30,38.5523,-121.629,"water","North Delta",7.71,8.31,22.8,NA,NA,NA,NA,NA
2011-10-06,37.9556,-121.422,"water","Central Delta",4.4,7.61,25,NA,NA,NA,NA,NA
2011-10-18,38.2399,-121.565,"water","Sacramento River",8.2,8.02,NA,NA,NA,NA,NA,NA
2011-11-08,38.2399,-121.565,"water","Sacramento River",17.6,9.86,NA,NA,NA,NA,NA,NA
2011-11-08,38.3068,-121.693,"water","North Delta",15.2,9.52,NA,NA,NA,NA,NA,NA
2011-11-08,38.307,-121.794,"water","North Delta",21.5,8.17,NA,NA,NA,NA,NA,NA
2011-11-15,37.9556,-121.422,"water","Central Delta",8.1,7.22,26,NA,NA,NA,NA,NA
2011-12-07,38.2399,-121.565,"water","Sacramento River",9.8,9.81,NA,NA,NA,NA,NA,NA
2011-12-07,38.3068,-121.693,"water","North Delta",15.3,10.18,NA,NA,NA,NA,NA,NA
2011-12-07,38.307,-121.794,"water","North Delta",17,10.27,NA,NA,NA,NA,NA,NA
2011-12-13,37.9556,-121.422,"water","Central Delta",6.9,7.89,26,NA,NA,NA,NA,NA
2012-01-17,37.8208,-121.5,"water","Central Delta",7.6,8.59,25,NA,NA,NA,NA,NA
2012-01-17,37.8418,-121.53,"water","Central Delta",5.4,7.88,25,NA,NA,NA,NA,NA
2012-01-17,37.9674,-121.464,"water","Central Delta",7.7,8.5,24,NA,NA,NA,NA,NA
2012-01-17,38.1156,-121.494,"water","Central Delta",8.1,7.89,25,NA,NA,NA,NA,NA
2012-01-20,37.9907,-121.696,"water","Confluence",6.1,7.95,NA,NA,672,NA,NA,NA
2012-01-23,38.307,-121.794,"water","North Delta",13.5,9.57,NA,NA,NA,NA,NA,NA
2012-02-14,37.8208,-121.5,"water","Central Delta",8.2,8.08,25,NA,NA,NA,NA,NA
2012-02-14,37.8819,-121.652,"water","Central Delta",8.6,8.27,25,NA,NA,NA,NA,NA
2012-02-14,38.1156,-121.494,"water","Central Delta",8.1,8.02,24,NA,NA,NA,NA,NA
2012-02-21,38.307,-121.794,"water","North Delta",19.3,9.91,NA,NA,NA,NA,NA,NA
2012-03-15,37.8208,-121.5,"water","Central Delta",8.3,8.12,25,NA,NA,NA,NA,NA
2012-03-15,37.8819,-121.652,"water","Central Delta",6.8,7.93,24,NA,NA,NA,NA,NA
2012-03-15,37.9674,-121.464,"water","Central Delta",7.8,8,24,NA,NA,NA,NA,NA
2012-03-16,37.9907,-121.696,"water","Confluence",8.5,8.21,NA,NA,729,NA,NA,NA
2012-03-17,37.923,-121.719,"water","Confluence",7,8,NA,NA,NA,NA,NA,NA
2012-04-12,37.8208,-121.5,"water","Central Delta",7.8,7.71,24,NA,NA,NA,NA,NA
2012-04-12,37.8819,-121.652,"water","Central Delta",8.4,8.43,24,NA,NA,NA,NA,NA
2012-04-12,37.9475,-121.743,"water","Confluence",6.5,8.14,24,NA,NA,NA,NA,NA
2012-04-12,37.9674,-121.464,"water","Central Delta",7.9,8,24,NA,NA,NA,NA,NA
2012-04-12,38.1156,-121.494,"water","Central Delta",5.8,8.68,25,NA,NA,NA,NA,NA
2012-04-23,38.0552,-122.111,"water","Suisun Bay",8.47,7.87,15.1,30.25,NA,NA,NA,NA
2012-04-23,38.0877,-122,"water","Suisun Bay",8.51,7.95,15.4,30.22,NA,NA,NA,NA
2012-04-23,38.0882,-122.043,"water","Suisun Bay",8.24,7.97,15.4,29.67,NA,NA,NA,NA
2012-04-23,38.1107,-122.049,"water","Suisun Bay",8.37,7.96,15.1,28.29,NA,NA,NA,NA
2012-04-23,38.1155,-122.04,"water","Suisun Bay",8.23,7.94,15.1,27.93,NA,NA,NA,NA
2012-04-24,38.0205,-121.806,"water","Confluence",8.51,7.91,24.8,NA,NA,NA,NA,NA
2012-04-24,38.0597,-121.811,"water","Confluence",8.63,8.22,24.8,NA,NA,NA,NA,NA
2012-05-16,37.8208,-121.5,"water","Central Delta",7.4,8.53,26,NA,NA,NA,NA,NA
2012-05-16,37.8418,-121.53,"water","Central Delta",7.7,7.82,25,NA,NA,NA,NA,NA
2012-05-16,37.8819,-121.652,"water","Central Delta",7.9,8.57,25,NA,NA,NA,NA,NA
2012-05-16,37.9475,-121.743,"water","Confluence",6.5,8.41,26,NA,NA,NA,NA,NA
2012-05-16,37.9674,-121.464,"water","Central Delta",7.8,8.51,25,NA,NA,NA,NA,NA
2012-05-24,38.0599,-121.499,"water","Central Delta",9.39,8.48,24.3,NA,NA,NA,NA,NA
2012-05-24,38.0651,-121.487,"water","Central Delta",8.28,8.61,24.3,NA,NA,NA,NA,NA
2012-05-25,38.0599,-121.499,"water","Central Delta",7.31,8.47,25.1,NA,NA,NA,NA,NA
2012-05-25,38.0651,-121.487,"water","Central Delta",8.24,7.22,24.3,NA,NA,NA,NA,NA
2012-05-26,38.0599,-121.499,"water","Central Delta",7.63,8.67,24.3,NA,NA,NA,NA,NA
2012-05-26,38.0651,-121.487,"water","Central Delta",6.32,6.87,24.3,NA,NA,NA,NA,NA
2012-06-19,37.9475,-121.743,"water","Confluence",6.8,7.65,25,NA,NA,NA,NA,NA
2012-07-17,37.8208,-121.5,"water","Central Delta",6.6,8,24,NA,NA,NA,NA,NA
2012-07-17,37.9475,-121.743,"water","Confluence",8,7.52,26,NA,NA,NA,NA,NA
2012-07-17,37.9674,-121.464,"water","Central Delta",8,7.92,25,NA,NA,NA,NA,NA
2012-07-25,37.923,-121.719,"water","Confluence",11,9,NA,NA,1581,NA,NA,NA
2012-08-21,37.8208,-121.5,"water","Central Delta",8.3,7.54,24,NA,NA,NA,NA,NA
2012-08-21,37.8819,-121.652,"water","Central Delta",7.9,8.31,26,NA,NA,NA,NA,NA
2012-08-21,37.9475,-121.743,"water","Confluence",7.9,8.17,24,NA,NA,NA,NA,NA
2012-11-28,37.9907,-121.696,"water","Confluence",9.9,7.75,NA,NA,546,NA,NA,NA
2012-11-30,37.9907,-121.696,"water","Confluence",6.6,7.71,NA,NA,413,NA,NA,NA
2012-12-11,38.307,-121.794,"water","North Delta",21.1,9.91,NA,NA,NA,NA,NA,NA
2012-12-21,37.9907,-121.696,"water","Confluence",8.2,8.19,NA,NA,579,NA,NA,NA
2013-01-15,37.7705,-121.292,"water","South Delta",8.4,7.89,25,NA,NA,NA,NA,NA
2013-01-15,37.8208,-121.5,"water","Central Delta",7.9,7.81,24,NA,NA,NA,NA,NA
2013-01-15,37.8418,-121.53,"water","Central Delta",8,8.51,25,NA,NA,NA,NA,NA
2013-01-15,37.9674,-121.464,"water","Central Delta",8,8.22,25,NA,NA,NA,NA,NA
2013-01-15,38.0505,-121.418,"water","Central Delta",8.2,8.45,24,NA,NA,NA,NA,NA
2013-01-15,38.1156,-121.494,"water","Central Delta",8.4,8.53,24,NA,NA,NA,NA,NA
2013-01-22,38.307,-121.794,"water","North Delta",18.9,10.08,NA,NA,NA,NA,NA,NA
2013-02-19,38.307,-121.794,"water","North Delta",10.5,10.24,NA,NA,NA,NA,NA,NA
2013-02-21,37.7705,-121.292,"water","South Delta",5.6,7.18,25,NA,NA,NA,NA,NA
2013-02-21,37.8208,-121.5,"water","Central Delta",7.6,7.89,26,NA,NA,NA,NA,NA
2013-02-21,37.8819,-121.652,"water","Central Delta",8.6,8.38,25,NA,NA,NA,NA,NA
2013-02-21,38.0505,-121.418,"water","Central Delta",8.4,7.58,25,NA,NA,NA,NA,NA
2013-02-21,38.1156,-121.494,"water","Central Delta",8.3,8.41,25,NA,NA,NA,NA,NA
2013-03-19,37.7705,-121.292,"water","South Delta",7.6,7.76,26,NA,NA,NA,NA,NA
2013-03-19,37.8208,-121.5,"water","Central Delta",8.3,7.55,24,NA,NA,NA,NA,NA
2013-03-19,37.9674,-121.464,"water","Central Delta",7.2,7.51,24,NA,NA,NA,NA,NA
2013-03-19,38.0505,-121.418,"water","Central Delta",7.2,7.69,25,NA,NA,NA,NA,NA
2013-03-19,38.1156,-121.494,"water","Central Delta",5.8,7.32,25,NA,NA,NA,NA,NA
2013-04-02,37.7705,-121.292,"water","South Delta",7.2,7.87,24,NA,NA,NA,NA,NA
2013-04-02,37.8208,-121.5,"water","Central Delta",5.9,8.46,25,NA,NA,NA,NA,NA
2013-04-02,37.8819,-121.652,"water","Central Delta",8.1,8.52,24,NA,NA,NA,NA,NA
2013-04-02,37.9475,-121.743,"water","Confluence",5,8.02,24,NA,NA,NA,NA,NA
2013-04-02,37.9674,-121.464,"water","Central Delta",8.1,8.41,24,NA,NA,NA,NA,NA
2013-04-02,38.1156,-121.494,"water","Central Delta",8.5,7.8,26,NA,NA,NA,NA,NA
2013-04-04,37.923,-121.719,"water","Confluence",6.6,7.55,NA,NA,NA,NA,NA,NA
2013-04-04,37.9523,-121.696,"water","Confluence",9.8,7.84,NA,NA,NA,NA,NA,NA
2013-04-04,37.9907,-121.696,"water","Confluence",9.2,7.69,NA,NA,570,NA,NA,NA
2013-05-21,37.7705,-121.292,"water","South Delta",5.2,7.46,25,NA,NA,NA,NA,NA
2013-05-21,37.8208,-121.5,"water","Central Delta",8.4,8.2,24,NA,NA,NA,NA,NA
2013-05-21,37.8418,-121.53,"water","Central Delta",8.4,8.02,24,NA,NA,NA,NA,NA
2013-05-21,37.8819,-121.652,"water","Central Delta",6,8.45,24,NA,NA,NA,NA,NA
2013-05-21,37.9674,-121.464,"water","Central Delta",8.3,8.39,25,NA,NA,NA,NA,NA
2013-05-21,38.1156,-121.494,"water","Central Delta",6.1,8.22,26,NA,NA,NA,NA,NA
2013-06-18,37.7705,-121.292,"water","South Delta",6.4,7.56,24,NA,NA,NA,NA,NA
2013-06-18,38.1156,-121.494,"water","Central Delta",8,7.97,26,NA,NA,NA,NA,NA
2013-07-09,37.9523,-121.696,"water","Confluence",10.2,8.4,NA,NA,NA,NA,NA,NA
2013-07-16,37.7705,-121.292,"water","South Delta",8.2,7.55,24,NA,NA,NA,NA,NA
2013-07-16,37.8208,-121.5,"water","Central Delta",7.8,8.27,24,NA,NA,NA,NA,NA
2013-07-16,37.9674,-121.464,"water","Central Delta",4.9,7.9,24,NA,NA,NA,NA,NA
2013-07-16,38.0601,-121.499,"water","Central Delta",8.2,7.8,24,NA,NA,NA,NA,NA
2013-07-16,38.1156,-121.494,"water","Central Delta",6.1,7.45,25,NA,NA,NA,NA,NA
2013-08-20,37.7705,-121.292,"water","South Delta",8.3,8.05,26,NA,NA,NA,NA,NA
2013-08-20,37.8208,-121.5,"water","Central Delta",7.3,7.46,25,NA,NA,NA,NA,NA
2013-08-20,37.8819,-121.652,"water","Central Delta",7.8,8.02,26,NA,NA,NA,NA,NA
2013-08-20,37.9475,-121.743,"water","Confluence",8.1,8.15,26,NA,NA,NA,NA,NA
2013-08-20,38.0601,-121.499,"water","Central Delta",8.3,7.89,25,NA,NA,NA,NA,NA
2013-08-20,38.1156,-121.494,"water","Central Delta",7.9,7.97,24,NA,NA,NA,NA,NA
2013-08-21,37.7705,-121.292,"water","South Delta",8.2,7.56,25,NA,NA,NA,NA,NA
2013-08-21,38.0601,-121.499,"water","Central Delta",7.7,7.44,26,NA,NA,NA,NA,NA
2013-08-21,38.1156,-121.494,"water","Central Delta",8.3,7.65,25,NA,NA,NA,NA,NA
2013-09-17,37.7705,-121.292,"water","South Delta",6.2,7.81,26,NA,NA,NA,NA,NA
2013-09-17,38.0601,-121.499,"water","Central Delta",7.7,7.36,24,NA,NA,NA,NA,NA
2013-09-17,38.1156,-121.494,"water","Central Delta",4.9,7.5,24,NA,NA,NA,NA,NA
2013-10-08,37.7705,-121.292,"water","South Delta",3.1,7.69,25,NA,NA,NA,NA,NA
2013-10-08,38.0601,-121.499,"water","Central Delta",7.5,7.8,25,NA,NA,NA,NA,NA
2013-10-08,38.1156,-121.494,"water","Central Delta",7.4,7.7,25,NA,NA,NA,NA,NA
2013-10-29,38.2399,-121.565,"water","Sacramento River",8.9,8.3,NA,NA,379,NA,NA,NA
2013-10-29,38.3068,-121.693,"water","North Delta",9,8.21,NA,NA,364,NA,NA,NA
2013-11-19,37.7705,-121.292,"water","South Delta",7.7,8.1,26,NA,NA,NA,NA,NA
2013-11-19,38.0601,-121.499,"water","Central Delta",6.3,7.7,26,NA,NA,NA,NA,NA
2013-11-19,38.1156,-121.494,"water","Central Delta",8.2,7.77,26,NA,NA,NA,NA,NA
2013-11-19,38.2399,-121.565,"water","Sacramento River",9.5,8.29,NA,NA,NA,NA,NA,NA
2013-11-19,38.3068,-121.693,"water","North Delta",9.4,9.83,NA,NA,NA,NA,NA,NA
2013-11-19,38.307,-121.794,"water","North Delta",17.8,9.85,NA,NA,NA,NA,NA,NA
2013-12-10,38.2399,-121.565,"water","Sacramento River",9.7,9.82,NA,NA,NA,NA,NA,NA
2013-12-10,38.3068,-121.693,"water","North Delta",13,10.11,NA,NA,NA,NA,NA,NA
2013-12-10,38.307,-121.794,"water","North Delta",16.9,7.61,NA,NA,NA,NA,NA,NA
2013-12-17,37.7705,-121.292,"water","South Delta",5.5,8.29,25,NA,NA,NA,NA,NA
2013-12-17,38.0601,-121.499,"water","Central Delta",5.9,8.36,25,NA,NA,NA,NA,NA
2013-12-17,38.1156,-121.494,"water","Central Delta",8.2,8.03,25,NA,NA,NA,NA,NA
2014-01-14,38.2399,-121.565,"water","Sacramento River",16.7,10.41,NA,NA,NA,NA,NA,NA
2014-01-14,38.3068,-121.693,"water","North Delta",15.2,10.13,NA,NA,NA,NA,NA,NA
2014-01-14,38.307,-121.794,"water","North Delta",14.7,9.8,NA,NA,NA,NA,NA,NA
2014-01-28,37.8208,-121.5,"water","Central Delta",5.7,7.58,25,NA,NA,NA,NA,NA
2014-01-28,37.8418,-121.53,"water","Central Delta",6.1,8.2,25,NA,NA,NA,NA,NA
2014-01-28,37.9674,-121.464,"water","Central Delta",4.5,7.95,25,NA,NA,NA,NA,NA
2014-01-28,37.9792,-121.57,"water","Central Delta",7.4,7.5,25,NA,NA,NA,NA,NA
2014-01-28,38.0601,-121.499,"water","Central Delta",7.5,8,25,NA,NA,NA,NA,NA
2014-02-06,37.9907,-121.696,"water","Confluence",8.1,7.75,NA,NA,428,NA,NA,NA
2014-02-09,37.9907,-121.696,"water","Confluence",9.4,7.73,NA,NA,573,NA,NA,NA
2014-02-10,38.2399,-121.565,"water","Sacramento River",8.3,8.13,NA,NA,NA,NA,NA,NA
2014-02-10,38.3068,-121.693,"water","North Delta",19.2,7.96,NA,NA,NA,NA,NA,NA
2014-02-10,38.307,-121.794,"water","North Delta",17.4,10.36,NA,NA,NA,NA,NA,NA
2014-02-11,37.8208,-121.5,"water","Central Delta",7.9,8.54,25,NA,NA,NA,NA,NA
2014-02-11,37.9674,-121.464,"water","Central Delta",8.1,7.05,26,NA,NA,NA,NA,NA
2014-02-11,37.9792,-121.57,"water","Central Delta",6,7.06,26,NA,NA,NA,NA,NA
2014-02-11,38.0601,-121.499,"water","Central Delta",5.4,8.28,26,NA,NA,NA,NA,NA
2014-03-03,37.8208,-121.5,"water","Central Delta",8.3,8.23,25,NA,NA,NA,NA,NA
2014-03-03,37.9674,-121.464,"water","Central Delta",5.9,7.18,25,NA,NA,NA,NA,NA
2014-03-03,37.9792,-121.57,"water","Central Delta",7.3,7.43,24,NA,NA,NA,NA,NA
2014-03-03,38.0601,-121.499,"water","Central Delta",7.8,7.21,24,NA,NA,NA,NA,NA
2014-03-18,38.2399,-121.565,"water","Sacramento River",8.4,8.26,NA,NA,NA,NA,NA,NA
2014-03-18,38.3068,-121.693,"water","North Delta",8.6,8.44,NA,NA,NA,NA,NA,NA
2014-03-18,38.307,-121.794,"water","North Delta",8.3,8.39,NA,NA,NA,NA,NA,NA
2014-04-15,37.8208,-121.5,"water","Central Delta",7.7,7.98,26,NA,NA,NA,NA,NA
2014-04-15,37.8819,-121.652,"water","Central Delta",7.7,8.29,24,NA,NA,NA,NA,NA
2014-04-15,37.9475,-121.743,"water","Confluence",6.1,8.15,24,NA,NA,NA,NA,NA
2014-04-15,37.9674,-121.464,"water","Central Delta",8,7.46,25,NA,NA,NA,NA,NA
2014-04-15,37.9792,-121.57,"water","Central Delta",5.9,7.46,26,NA,NA,NA,NA,NA
2014-04-15,38.0601,-121.499,"water","Central Delta",6.9,8.26,25,NA,NA,NA,NA,NA
2014-04-15,38.2399,-121.565,"water","Sacramento River",8.1,7.98,NA,NA,NA,NA,NA,NA
2014-04-15,38.307,-121.794,"water","North Delta",6.2,8.33,NA,NA,NA,NA,NA,NA
2014-05-20,37.8208,-121.5,"water","Central Delta",7,7.53,24,NA,NA,NA,NA,NA
2014-05-20,37.8418,-121.53,"water","Central Delta",6.2,8.59,26,NA,NA,NA,NA,NA
2014-05-20,37.8819,-121.652,"water","Central Delta",7.9,8.28,26,NA,NA,NA,NA,NA
2014-05-20,37.9674,-121.464,"water","Central Delta",6.9,7.35,26,NA,NA,NA,NA,NA
2014-05-20,37.9792,-121.57,"water","Central Delta",7.7,8.32,25,NA,NA,NA,NA,NA
2014-05-20,38.0601,-121.499,"water","Central Delta",7.9,7.75,26,NA,NA,NA,NA,NA
2014-05-20,38.2399,-121.565,"water","Sacramento River",3.9,8.09,NA,NA,NA,NA,NA,NA
2014-05-20,38.3068,-121.693,"water","North Delta",9.4,9.91,NA,NA,NA,NA,NA,NA
2014-05-20,38.307,-121.794,"water","North Delta",8.9,7.53,NA,NA,NA,NA,NA,NA
2014-06-17,37.9674,-121.464,"water","Central Delta",6.4,7.05,26,NA,NA,NA,NA,NA
2014-06-17,37.9792,-121.57,"water","Central Delta",8.1,7.38,26,NA,NA,NA,NA,NA
2014-06-17,38.0601,-121.499,"water","Central Delta",5.5,8.12,26,NA,NA,NA,NA,NA
2014-06-17,38.2399,-121.565,"water","Sacramento River",8.5,7.65,NA,NA,NA,NA,NA,NA
2014-06-17,38.3068,-121.693,"water","North Delta",8.2,8.15,NA,NA,NA,NA,NA,NA
2014-06-17,38.307,-121.794,"water","North Delta",8.7,10.15,NA,NA,NA,NA,NA,NA
2014-07-15,37.8208,-121.5,"water","Central Delta",5.8,7.62,24,NA,NA,NA,NA,NA
2014-07-15,37.9674,-121.464,"water","Central Delta",5.8,6.51,24,NA,NA,NA,NA,NA
2014-07-15,37.9792,-121.57,"water","Central Delta",5.5,6.66,26,NA,NA,NA,NA,NA
2014-07-15,38.2399,-121.565,"water","Sacramento River",8,7.94,NA,NA,NA,NA,NA,NA
2014-07-15,38.307,-121.794,"water","North Delta",8,10.25,NA,NA,NA,NA,NA,NA
2014-08-19,37.8208,-121.5,"water","Central Delta",4.1,7.04,26,NA,NA,NA,NA,NA
2014-08-19,37.8819,-121.652,"water","Central Delta",6.5,8.43,25,NA,NA,NA,NA,NA
2014-08-19,37.9475,-121.743,"water","Confluence",7.8,8.38,25,NA,NA,NA,NA,NA
2014-08-19,37.9674,-121.464,"water","Central Delta",5.3,8.29,25,NA,NA,NA,NA,NA
2014-08-19,37.9792,-121.57,"water","Central Delta",6.1,7.84,25,NA,NA,NA,NA,NA
2014-08-19,38.2399,-121.565,"water","Sacramento River",18,10.55,NA,NA,NA,NA,NA,NA
2014-08-19,38.307,-121.794,"water","North Delta",7.7,7.62,NA,NA,NA,NA,NA,NA
2014-09-16,37.9674,-121.464,"water","Central Delta",8.1,7.71,25,NA,NA,NA,NA,NA
2014-09-16,37.9792,-121.57,"water","Central Delta",4,7.23,26,NA,NA,NA,NA,NA
2014-09-16,38.2399,-121.565,"water","Sacramento River",8.5,8.38,NA,NA,NA,NA,NA,NA
2014-09-16,38.307,-121.794,"water","North Delta",7.3,8.5,NA,NA,NA,NA,NA,NA
2014-10-21,37.7705,-121.292,"water","South Delta",8.4,7.59,25,NA,NA,NA,NA,NA
2014-10-21,37.8717,-121.526,"water","Central Delta",7.6,7.63,25,NA,NA,NA,NA,NA
2014-10-21,37.9674,-121.464,"water","Central Delta",6.6,7.92,24,NA,NA,NA,NA,NA
2014-10-21,38.1156,-121.494,"water","Central Delta",8.3,7.44,26,NA,NA,NA,NA,NA
2014-10-21,38.2399,-121.565,"water","Sacramento River",7.7,8.29,NA,NA,NA,NA,NA,NA
2014-11-18,37.7705,-121.292,"water","South Delta",8.4,8.01,26,NA,NA,NA,NA,NA
2014-11-18,37.8717,-121.526,"water","Central Delta",6.4,7.78,26,NA,NA,NA,NA,NA
2014-11-18,37.9674,-121.464,"water","Central Delta",8.4,7.45,25,NA,NA,NA,NA,NA
2014-11-18,37.9893,-121.463,"water","Central Delta",7.8,8.69,25,NA,NA,NA,NA,NA
2014-11-18,38.1156,-121.494,"water","Central Delta",8,7.63,26,NA,NA,NA,NA,NA
2014-11-18,38.2399,-121.565,"water","Sacramento River",9.7,7.77,NA,NA,NA,NA,NA,NA
2014-11-18,38.3068,-121.693,"water","North Delta",10.9,10.24,NA,NA,NA,NA,NA,NA
2014-11-18,38.307,-121.794,"water","North Delta",8.9,8.57,NA,NA,NA,NA,NA,NA
2014-12-02,38.2399,-121.565,"water","Sacramento River",16.1,10.14,NA,NA,NA,NA,NA,NA
2014-12-02,38.307,-121.794,"water","North Delta",15.2,8.07,NA,NA,NA,NA,NA,NA
2014-12-04,37.7705,-121.292,"water","South Delta",8.3,7.37,26,NA,NA,NA,NA,NA
2014-12-04,37.8717,-121.526,"water","Central Delta",8.4,7.61,26,NA,NA,NA,NA,NA
2014-12-04,37.9674,-121.464,"water","Central Delta",6.3,8.01,24,NA,NA,NA,NA,NA
2014-12-04,37.9792,-121.57,"water","Central Delta",7.2,7.62,26,NA,NA,NA,NA,NA
2014-12-04,38.1156,-121.494,"water","Central Delta",5.5,7.38,26,NA,NA,NA,NA,NA
2014-12-18,37.9286,-121.561,"water","Central Delta",8.1,7.81,24,NA,NA,NA,NA,NA
2014-12-19,37.8189,-121.358,"water","Central Delta",8,7.97,25,NA,NA,NA,NA,NA
2015-01-20,37.7705,-121.292,"water","South Delta",6.1,7.9,24,NA,NA,NA,NA,NA
2015-01-20,37.8189,-121.358,"water","Central Delta",6.7,8.08,25,NA,NA,NA,NA,NA
2015-01-20,37.8717,-121.526,"water","Central Delta",7.4,7.26,24,NA,NA,NA,NA,NA
2015-01-20,37.9674,-121.464,"water","Central Delta",4.3,7.5,26,NA,NA,NA,NA,NA
2015-01-20,37.9893,-121.463,"water","Central Delta",7.7,7.8,25,NA,NA,NA,NA,NA
2015-01-20,38.1156,-121.494,"water","Central Delta",8.1,7.25,24,NA,NA,NA,NA,NA
2015-01-20,38.2399,-121.565,"water","Sacramento River",8.3,9.7,NA,NA,NA,NA,NA,NA
2015-01-20,38.307,-121.794,"water","North Delta",10.1,9.79,NA,NA,NA,NA,NA,NA
2015-02-07,38.2399,-121.565,"water","Sacramento River",15,7.71,NA,NA,NA,NA,NA,NA
2015-02-07,38.307,-121.794,"water","North Delta",14.3,7.85,NA,NA,NA,NA,NA,NA
2015-02-09,37.7705,-121.292,"water","South Delta",6.7,7.2,25,NA,NA,NA,NA,NA
2015-02-09,37.8189,-121.358,"water","Central Delta",8.1,8.19,24,NA,NA,NA,NA,NA
2015-02-09,37.8717,-121.526,"water","Central Delta",8.2,7.26,25,NA,NA,NA,NA,NA
2015-02-09,37.9286,-121.561,"water","Central Delta",8.4,7.37,25,NA,NA,NA,NA,NA
2015-02-09,37.9674,-121.464,"water","Central Delta",8.1,8.03,25,NA,NA,NA,NA,NA
2015-02-09,37.9792,-121.57,"water","Central Delta",7.9,8.77,25,NA,NA,NA,NA,NA
2015-02-09,37.9893,-121.463,"water","Central Delta",8,7.88,25,NA,NA,NA,NA,NA
2015-02-09,38.1156,-121.494,"water","Central Delta",7,7.23,24,NA,NA,NA,NA,NA
2015-03-17,37.8189,-121.358,"water","Central Delta",7.3,7.86,25,NA,NA,NA,NA,NA
2015-03-17,37.8717,-121.526,"water","Central Delta",5,8,26,NA,NA,NA,NA,NA
2015-03-17,37.9286,-121.561,"water","Central Delta",8.1,8.12,26,NA,NA,NA,NA,NA
2015-03-17,37.9674,-121.464,"water","Central Delta",7.8,7.18,26,NA,NA,NA,NA,NA
2015-03-17,37.9792,-121.57,"water","Central Delta",6.9,8.35,25,NA,NA,NA,NA,NA
2015-03-17,37.9893,-121.463,"water","Central Delta",7.8,8.04,25,NA,NA,NA,NA,NA
2015-03-17,38.1156,-121.494,"water","Central Delta",7.1,7.73,25,NA,NA,NA,NA,NA
2015-03-18,38.2399,-121.565,"water","Sacramento River",9.2,7.8,NA,NA,NA,NA,NA,NA
2015-03-18,38.3068,-121.693,"water","North Delta",9.3,8.48,NA,NA,NA,NA,NA,NA
2015-03-18,38.307,-121.794,"water","North Delta",9.2,8.24,NA,NA,NA,NA,NA,NA
2015-03-25,38.2361,-121.419,"water","Central Delta",8.1,7.78,24.1,NA,NA,NA,NA,NA
2015-03-25,38.3669,-121.52,"water","Sacramento River",7.5,8.05,24.1,NA,NA,NA,NA,NA
2015-04-15,38.2361,-121.419,"water","Central Delta",8.4,7.84,23.4,NA,NA,NA,NA,NA
2015-04-15,38.3669,-121.52,"water","Sacramento River",8,7.94,23.4,NA,NA,NA,NA,NA
2015-04-21,37.7705,-121.292,"water","South Delta",7.4,7.26,24,NA,NA,NA,NA,NA
2015-04-21,37.8189,-121.358,"water","Central Delta",7.1,8.18,25,NA,NA,NA,NA,NA
2015-04-21,37.8717,-121.526,"water","Central Delta",5.5,7.31,26,NA,NA,NA,NA,NA
2015-04-21,37.9286,-121.561,"water","Central Delta",7.7,8.01,24,NA,NA,NA,NA,NA
2015-04-21,37.9674,-121.464,"water","Central Delta",8.2,7.65,26,NA,NA,NA,NA,NA
2015-04-21,37.9792,-121.57,"water","Central Delta",4,7.59,25,NA,NA,NA,NA,NA
2015-04-21,37.9893,-121.463,"water","Central Delta",8,8.39,25,NA,NA,NA,NA,NA
2015-04-21,38.1156,-121.494,"water","Central Delta",7.5,7.74,24,NA,NA,NA,NA,NA
2015-04-21,38.307,-121.794,"water","North Delta",8.4,8.25,NA,NA,677,NA,NA,NA
2015-04-23,38.2399,-121.565,"water","Sacramento River",18.6,7.74,NA,NA,402,NA,NA,NA
2015-05-19,37.7705,-121.292,"water","South Delta",6.3,8.14,24,NA,NA,NA,NA,NA
2015-05-19,37.8189,-121.358,"water","Central Delta",7.6,7.85,24,NA,NA,NA,NA,NA
2015-05-19,37.8717,-121.526,"water","Central Delta",7.8,8.17,25,NA,NA,NA,NA,NA
2015-05-19,37.9286,-121.561,"water","Central Delta",7.7,8.19,24,NA,NA,NA,NA,NA
2015-05-19,37.9674,-121.464,"water","Central Delta",6.7,8.11,24,NA,NA,NA,NA,NA
2015-05-19,37.9792,-121.57,"water","Central Delta",7.5,8.16,24,NA,NA,NA,NA,NA
2015-05-19,37.9893,-121.463,"water","Central Delta",8.2,7.96,25,NA,NA,NA,NA,NA
2015-05-19,38.1156,-121.494,"water","Central Delta",7,8.17,25,NA,NA,NA,NA,NA
2015-05-19,38.2399,-121.565,"water","Sacramento River",8.7,7.61,NA,NA,NA,NA,NA,NA
2015-05-19,38.3068,-121.693,"water","North Delta",16.1,10.19,NA,NA,NA,NA,NA,NA
2015-05-19,38.307,-121.794,"water","North Delta",8.8,8.55,NA,NA,NA,NA,NA,NA
2015-06-16,37.7705,-121.292,"water","South Delta",7.8,7.34,25,NA,NA,NA,NA,NA
2015-06-16,37.8717,-121.526,"water","Central Delta",7.9,8.1,25,NA,NA,NA,NA,NA
2015-06-16,37.9286,-121.561,"water","Central Delta",5.9,7.64,25,NA,NA,NA,NA,NA
2015-06-16,37.9674,-121.464,"water","Central Delta",8.2,7.46,25,NA,NA,NA,NA,NA
2015-06-16,37.9792,-121.57,"water","Central Delta",8.3,8.15,25,NA,NA,NA,NA,NA
2015-06-16,37.9893,-121.463,"water","Central Delta",8,7.56,25,NA,NA,NA,NA,NA
2015-06-16,38.1156,-121.494,"water","Central Delta",6.4,8.17,25,NA,NA,NA,NA,NA
2015-06-16,38.2399,-121.565,"water","Sacramento River",8.1,8.44,NA,NA,NA,NA,NA,NA
2015-06-16,38.307,-121.794,"water","North Delta",14.2,7.85,NA,NA,NA,NA,NA,NA
2015-07-21,37.7705,-121.292,"water","South Delta",7.7,7.91,25,NA,NA,NA,NA,NA
2015-07-21,37.8717,-121.526,"water","Central Delta",5.7,7.12,25,NA,NA,NA,NA,NA
2015-07-21,37.9286,-121.561,"water","Central Delta",6.4,7.94,25,NA,NA,NA,NA,NA
2015-07-21,37.9674,-121.464,"water","Central Delta",7.8,8.07,25,NA,NA,NA,NA,NA
2015-07-21,37.9792,-121.57,"water","Central Delta",7.6,7.06,24,NA,NA,NA,NA,NA
2015-07-21,37.9893,-121.463,"water","Central Delta",6.4,7.25,25,NA,NA,NA,NA,NA
2015-07-21,38.1156,-121.494,"water","Central Delta",7.7,7.33,24,NA,NA,NA,NA,NA
2015-07-21,38.307,-121.794,"water","North Delta",8.5,8.43,NA,NA,NA,NA,NA,NA
2015-07-28,37.9718,-121.374,"water","Central Delta",7.82,8.91,22.6,NA,NA,NA,NA,NA
2015-07-28,38.2361,-121.419,"water","Central Delta",7.62,8.29,25.3,NA,NA,NA,NA,NA
2015-07-28,38.307,-121.794,"water","North Delta",8.36,8.48,25.1,NA,NA,NA,NA,NA
2015-07-28,38.3677,-121.521,"water","Sacramento River",7.69,8.11,24.4,NA,NA,NA,NA,NA
2015-08-18,37.7705,-121.292,"water","South Delta",7.6,8.03,25,NA,NA,NA,NA,NA
2015-08-18,37.8189,-121.358,"water","Central Delta",7.2,7.61,25,NA,NA,NA,NA,NA
2015-08-18,37.8717,-121.526,"water","Central Delta",7.8,8.18,24,NA,NA,NA,NA,NA
2015-08-18,37.9674,-121.464,"water","Central Delta",5.5,7.25,24,NA,NA,NA,NA,NA
2015-08-18,37.9718,-121.374,"water","Central Delta",7.55,8.45,25.4,NA,NA,NA,NA,NA
2015-08-18,37.9792,-121.57,"water","Central Delta",7.9,8.07,24,NA,NA,NA,NA,NA
2015-08-18,37.9893,-121.463,"water","Central Delta",5,8.24,25,NA,NA,NA,NA,NA
2015-08-18,38.1156,-121.494,"water","Central Delta",5.6,8.42,24,NA,NA,NA,NA,NA
2015-08-18,38.2361,-121.419,"water","Central Delta",8.59,7.79,24.2,NA,NA,NA,NA,NA
2015-08-18,38.3068,-121.693,"water","North Delta",9.9,8.2,NA,NA,NA,NA,NA,NA
2015-08-18,38.307,-121.794,"water","North Delta",8.6,8.73,24.8,NA,NA,NA,NA,NA
2015-08-18,38.3677,-121.521,"water","Sacramento River",7.51,7.93,25.3,NA,NA,NA,NA,NA
2015-08-20,38.2399,-121.565,"water","Sacramento River",8.4,10.4,NA,NA,NA,NA,NA,NA
2015-09-01,38.0205,-121.806,"water","Confluence",5.7,7.84,NA,24.6,NA,NA,NA,NA
2015-09-01,38.0597,-121.811,"water","Confluence",5.7,8.24,NA,24.7,NA,NA,NA,NA
2015-09-01,38.1081,-122.022,"water","Suisun Bay",4.1,8.1,NA,24.3,NA,NA,NA,NA
2015-09-15,37.7705,-121.292,"water","South Delta",6.4,7.28,26,NA,NA,NA,NA,NA
2015-09-15,37.8717,-121.526,"water","Central Delta",5.9,6.48,26,NA,NA,NA,NA,NA
2015-09-15,37.9286,-121.561,"water","Central Delta",6.4,7.09,26,NA,NA,NA,NA,NA
2015-09-15,37.9674,-121.464,"water","Central Delta",8,7.47,26,NA,NA,NA,NA,NA
2015-09-15,37.9792,-121.57,"water","Central Delta",7.2,8.02,26,NA,NA,NA,NA,NA
2015-09-15,37.9893,-121.463,"water","Central Delta",6.9,7.44,26,NA,NA,NA,NA,NA
2015-09-15,38.1156,-121.494,"water","Central Delta",5.9,8.03,26,NA,NA,NA,NA,NA
2015-09-15,38.2399,-121.565,"water","Sacramento River",8.2,8.04,NA,NA,NA,NA,NA,NA
2015-09-15,38.307,-121.794,"water","North Delta",8.6,9.59,NA,NA,NA,NA,NA,NA
2015-09-23,37.9718,-121.374,"water","Central Delta",8,7.61,24,NA,NA,NA,NA,NA
2015-09-23,38.2361,-121.419,"water","Central Delta",5.3,7.95,24,NA,NA,NA,NA,NA
2015-09-23,38.307,-121.794,"water","North Delta",5,7.66,25.3,NA,NA,NA,NA,NA
2015-09-23,38.3677,-121.521,"water","Sacramento River",8.2,7.97,24,NA,NA,NA,NA,NA
2015-10-20,37.7705,-121.292,"water","South Delta",7.6,7.6,25,NA,NA,NA,NA,NA
2015-10-20,37.8717,-121.526,"water","Central Delta",4.2,7.44,25,NA,NA,NA,NA,NA
2015-10-20,37.9674,-121.464,"water","Central Delta",8.2,7.89,24,NA,NA,NA,NA,NA
2015-10-20,38.1156,-121.494,"water","Central Delta",6.4,7.6,25,NA,NA,NA,NA,NA
2015-10-21,37.9718,-121.374,"water","Central Delta",7.85,7.76,24.7,NA,NA,NA,NA,NA
2015-10-21,38.2361,-121.419,"water","Central Delta",7.99,8.09,22.9,NA,NA,NA,NA,NA
2015-10-21,38.307,-121.794,"water","North Delta",7.83,8.11,23.1,NA,NA,NA,NA,NA
2015-10-21,38.3677,-121.521,"water","Sacramento River",8.22,8.15,24.7,NA,NA,NA,NA,NA
2015-11-10,37.7705,-121.292,"water","South Delta",7.5,7.42,25,NA,NA,NA,NA,NA
2015-11-10,37.8717,-121.526,"water","Central Delta",8.2,7.44,24,NA,NA,NA,NA,NA
2015-11-10,37.9718,-121.374,"water","Central Delta",8.1,7.7,24.9,NA,NA,NA,NA,NA
2015-11-10,37.9893,-121.463,"water","Central Delta",5.9,8.17,24,NA,NA,NA,NA,NA
2015-11-10,38.2361,-121.419,"water","Central Delta",8.2,8,23.2,NA,NA,NA,NA,NA
2015-11-10,38.307,-121.794,"water","North Delta",8.3,8.6,23.6,NA,NA,NA,NA,NA
2015-11-10,38.3677,-121.521,"water","Sacramento River",8.3,7.9,24.6,NA,NA,NA,NA,NA
2015-12-08,37.7705,-121.292,"water","South Delta",8.1,8.05,24,NA,NA,NA,NA,NA
2015-12-08,37.8189,-121.358,"water","Central Delta",5.8,7.63,24,NA,NA,NA,NA,NA
2015-12-08,37.8717,-121.526,"water","Central Delta",6.5,8.11,24,NA,NA,NA,NA,NA
2015-12-08,37.9674,-121.464,"water","Central Delta",7.2,8.03,25,NA,NA,NA,NA,NA
2015-12-08,37.9792,-121.57,"water","Central Delta",7.7,7.8,24,NA,NA,NA,NA,NA
2015-12-08,38.0601,-121.499,"water","Central Delta",7.6,7.54,24,NA,NA,NA,NA,NA
2015-12-15,37.9718,-121.374,"water","Central Delta",7.5,9.65,23.8,NA,NA,NA,NA,NA
2015-12-15,38.2361,-121.419,"water","Central Delta",8.4,7.5,24.9,NA,NA,NA,NA,NA
2015-12-15,38.307,-121.794,"water","North Delta",8.4,8.4,24.4,NA,NA,NA,NA,NA
2015-12-15,38.3677,-121.521,"water","Sacramento River",10.67,7.8,23.9,NA,NA,NA,NA,NA
2016-01-06,37.7705,-121.292,"water","South Delta",5.4,7.22,24,NA,NA,NA,NA,NA
2016-01-06,37.8189,-121.358,"water","Central Delta",7.8,7.91,24,NA,NA,NA,NA,NA
2016-01-06,37.8717,-121.526,"water","Central Delta",6.4,7.12,24,NA,NA,NA,NA,NA
2016-01-06,37.9674,-121.464,"water","Central Delta",6.6,7.95,26,NA,NA,NA,NA,NA
2016-01-06,38.0601,-121.499,"water","Central Delta",7.9,8,24,NA,NA,NA,NA,NA
2016-01-06,38.1156,-121.494,"water","Central Delta",7.3,7.46,25,NA,NA,NA,NA,NA
2016-01-14,38.0455,-121.469,"water","Central Delta",7.6,8.02,24,NA,NA,NA,NA,NA
2016-01-19,37.9718,-121.374,"water","Central Delta",7.5,7.9,24.4,NA,NA,NA,NA,NA
2016-01-19,38.2361,-121.419,"water","Central Delta",7.6,7.7,23.9,NA,NA,NA,NA,NA
2016-01-19,38.307,-121.794,"water","North Delta",7.8,7.5,24.6,NA,NA,NA,NA,NA
2016-01-19,38.3677,-121.521,"water","Sacramento River",7.7,7.7,23.7,NA,NA,NA,NA,NA
2016-02-17,37.9718,-121.374,"water","Central Delta",7.6,8.1,24.1,NA,NA,NA,NA,NA
2016-02-17,38.2361,-121.419,"water","Central Delta",8,9.07,24.8,NA,NA,NA,NA,NA
2016-02-17,38.307,-121.794,"water","North Delta",7.7,8.5,24,NA,NA,NA,NA,NA
2016-02-17,38.3677,-121.521,"water","Sacramento River",7.6,8,23.9,NA,NA,NA,NA,NA
2016-02-18,37.8189,-121.358,"water","Central Delta",8,8.59,24,NA,NA,NA,NA,NA
2016-02-18,37.8717,-121.526,"water","Central Delta",7.9,7.4,24,NA,NA,NA,NA,NA
2016-02-18,37.9286,-121.561,"water","Central Delta",8,8.67,24,NA,NA,NA,NA,NA
2016-02-18,37.9674,-121.464,"water","Central Delta",7.9,7.24,24,NA,NA,NA,NA,NA
2016-02-18,37.9792,-121.57,"water","Central Delta",8.1,8.18,24,NA,NA,NA,NA,NA
2016-02-18,37.9893,-121.463,"water","Central Delta",6.1,7.98,24,NA,NA,NA,NA,NA
2016-02-18,38.0455,-121.469,"water","Central Delta",8.3,7.27,25,NA,NA,NA,NA,NA
2016-02-18,38.0601,-121.499,"water","Central Delta",6.2,8.62,25,NA,NA,NA,NA,NA
2016-02-18,38.1156,-121.494,"water","Central Delta",7.9,7.59,24,NA,NA,NA,NA,NA
2016-03-07,37.7705,-121.292,"water","South Delta",6.3,7.55,24,NA,NA,NA,NA,NA
2016-03-07,37.8189,-121.358,"water","Central Delta",7.9,8.81,25,NA,NA,NA,NA,NA
2016-03-07,37.8717,-121.526,"water","Central Delta",6,7.25,24,NA,NA,NA,NA,NA
2016-03-07,37.9286,-121.561,"water","Central Delta",7.8,7.2,24,NA,NA,NA,NA,NA
2016-03-07,37.9674,-121.464,"water","Central Delta",7.9,7.96,26,NA,NA,NA,NA,NA
2016-03-07,37.9718,-121.374,"water","Central Delta",7.6,8.3,23.1,NA,NA,NA,NA,NA
2016-03-07,37.9792,-121.57,"water","Central Delta",6.8,8.77,25,NA,NA,NA,NA,NA
2016-03-07,37.9893,-121.463,"water","Central Delta",7.8,7.19,24,NA,NA,NA,NA,NA
2016-03-07,38.0455,-121.469,"water","Central Delta",8,8.69,25,NA,NA,NA,NA,NA
2016-03-07,38.0601,-121.499,"water","Central Delta",7.8,7.67,24,NA,NA,NA,NA,NA
2016-03-07,38.1156,-121.494,"water","Central Delta",7.6,8.45,24,NA,NA,NA,NA,NA
2016-03-07,38.2361,-121.419,"water","Central Delta",7.5,7.5,24.5,NA,NA,NA,NA,NA
2016-03-07,38.307,-121.794,"water","North Delta",8.6,7.9,23.4,NA,NA,NA,NA,NA
2016-03-07,38.3677,-121.521,"water","Sacramento River",7.5,8,24.6,NA,NA,NA,NA,NA
2016-04-19,37.8189,-121.358,"water","Central Delta",7.9,8.57,24,NA,NA,NA,NA,NA
2016-04-19,37.8717,-121.526,"water","Central Delta",7.6,7.74,24,NA,NA,NA,NA,NA
2016-04-19,37.9286,-121.561,"water","Central Delta",5.8,8.8,25,NA,NA,NA,NA,NA
2016-04-19,37.9674,-121.464,"water","Central Delta",6.7,7.41,26,NA,NA,NA,NA,NA
2016-04-19,37.9718,-121.374,"water","Central Delta",8.2,8.1,23.7,NA,NA,NA,NA,NA
2016-04-19,37.9792,-121.57,"water","Central Delta",8,8.11,24,NA,NA,NA,NA,NA
2016-04-19,37.9893,-121.463,"water","Central Delta",6.8,7.53,24,NA,NA,NA,NA,NA
2016-04-19,38.0455,-121.469,"water","Central Delta",7.9,8.42,26,NA,NA,NA,NA,NA
2016-04-19,38.0601,-121.499,"water","Central Delta",6.9,8.7,24,NA,NA,NA,NA,NA
2016-04-19,38.1156,-121.494,"water","Central Delta",8.1,7.43,24,NA,NA,NA,NA,NA
2016-04-19,38.133,-121.522,"water","Central Delta",6.9,7.41,24,NA,NA,NA,NA,NA
2016-04-19,38.1526,-121.501,"water","Central Delta",7.7,8.54,26,NA,NA,NA,NA,NA
2016-04-19,38.2361,-121.419,"water","Central Delta",8.6,7.6,25,NA,NA,NA,NA,NA
2016-04-19,38.307,-121.794,"water","North Delta",8,8.8,23.5,NA,NA,NA,NA,NA
2016-04-19,38.3677,-121.521,"water","Sacramento River",7.9,7.9,25.1,NA,NA,NA,NA,NA
2016-05-17,37.7705,-121.292,"water","South Delta",8.2,7.75,26,NA,NA,NA,NA,NA
2016-05-17,37.8189,-121.358,"water","Central Delta",8.1,7.28,24,NA,NA,NA,NA,NA
2016-05-17,37.8717,-121.526,"water","Central Delta",7.1,7.53,24,NA,NA,NA,NA,NA
2016-05-17,37.9286,-121.561,"water","Central Delta",6.8,7.59,24,NA,NA,NA,NA,NA
2016-05-17,37.9674,-121.464,"water","Central Delta",6.4,7.28,24,NA,NA,NA,NA,NA
2016-05-17,37.9792,-121.57,"water","Central Delta",6.8,8.36,24,NA,NA,NA,NA,NA
2016-05-17,37.9893,-121.463,"water","Central Delta",8,8.18,24,NA,NA,NA,NA,NA
2016-05-17,38.0455,-121.469,"water","Central Delta",6.2,7.85,24,NA,NA,NA,NA,NA
2016-05-17,38.0601,-121.499,"water","Central Delta",8,8.72,24,NA,NA,NA,NA,NA
2016-05-17,38.1156,-121.494,"water","Central Delta",8.2,7.6,24,NA,NA,NA,NA,NA
2016-05-17,38.133,-121.522,"water","Central Delta",6,8.51,24,NA,NA,NA,NA,NA
2016-05-17,38.1526,-121.501,"water","Central Delta",6.3,7.51,24,NA,NA,NA,NA,NA
2016-05-18,37.9718,-121.374,"water","Central Delta",8.4,7.6,24.5,NA,NA,NA,NA,NA
2016-05-18,38.2361,-121.419,"water","Central Delta",7.7,7.7,23.6,NA,NA,NA,NA,NA
2016-05-18,38.307,-121.794,"water","North Delta",8,8.4,24.5,NA,NA,NA,NA,NA
2016-05-18,38.3677,-121.521,"water","Sacramento River",8,8.1,24.6,NA,NA,NA,NA,NA
2016-06-15,37.9718,-121.374,"water","Central Delta",7.2,8.2,24.7,NA,NA,NA,NA,NA
2016-06-15,38.2361,-121.419,"water","Central Delta",7.1,8,24.1,NA,NA,NA,NA,NA
2016-06-15,38.307,-121.794,"water","North Delta",7.1,8.6,23.9,NA,NA,NA,NA,NA
2016-06-15,38.3677,-121.521,"water","Sacramento River",7.9,8.2,24.5,NA,NA,NA,NA,NA
2016-06-21,37.7705,-121.292,"water","South Delta",7.2,8.11,25,NA,NA,NA,NA,NA
2016-06-21,37.8189,-121.358,"water","Central Delta",6.7,8.13,24,NA,NA,NA,NA,NA
2016-06-21,37.8717,-121.526,"water","Central Delta",5.3,7.9,25,NA,NA,NA,NA,NA
2016-06-21,37.9286,-121.561,"water","Central Delta",7.6,8.36,24,NA,NA,NA,NA,NA
2016-06-21,37.9674,-121.464,"water","Central Delta",8.1,7.47,25,NA,NA,NA,NA,NA
2016-06-21,37.9792,-121.57,"water","Central Delta",7,8.55,24,NA,NA,NA,NA,NA
2016-06-21,37.9893,-121.463,"water","Central Delta",7.7,7.87,24,NA,NA,NA,NA,NA
2016-06-21,38.0455,-121.469,"water","Central Delta",8.3,8.44,24,NA,NA,NA,NA,NA
2016-06-21,38.0601,-121.499,"water","Central Delta",7.8,8.29,24,NA,NA,NA,NA,NA
2016-06-21,38.1156,-121.494,"water","Central Delta",6.2,7.6,25,NA,NA,NA,NA,NA
2016-06-21,38.133,-121.522,"water","Central Delta",5.6,7.91,24,NA,NA,NA,NA,NA
2016-06-21,38.1526,-121.501,"water","Central Delta",7.7,7.56,24,NA,NA,NA,NA,NA
2016-07-13,37.9718,-121.374,"water","Central Delta",8.1,7.9,24.8,NA,NA,NA,NA,NA
2016-07-13,38.2361,-121.419,"water","Central Delta",8.6,7.6,24.3,NA,NA,NA,NA,NA
2016-07-13,38.307,-121.794,"water","North Delta",7.7,8.4,23.1,NA,NA,NA,NA,NA
2016-07-13,38.3677,-121.521,"water","Sacramento River",8.1,7.8,23.2,NA,NA,NA,NA,NA
2016-07-19,37.7705,-121.292,"water","South Delta",5.5,7.73,24,NA,NA,NA,NA,NA
2016-07-19,37.8189,-121.358,"water","Central Delta",8,7.28,24,NA,NA,NA,NA,NA
2016-07-19,37.8717,-121.526,"water","Central Delta",7.9,7.65,24,NA,NA,NA,NA,NA
2016-07-19,37.9674,-121.464,"water","Central Delta",6.4,8.13,24,NA,NA,NA,NA,NA
2016-07-19,37.9792,-121.57,"water","Central Delta",8.2,8.26,24,NA,NA,NA,NA,NA
2016-07-19,37.9893,-121.463,"water","Central Delta",7.8,8.18,24,NA,NA,NA,NA,NA
2016-07-19,38.0601,-121.499,"water","Central Delta",6.1,7.48,24,NA,NA,NA,NA,NA
2016-07-19,38.1156,-121.494,"water","Central Delta",7.8,7.75,25,NA,NA,NA,NA,NA
2016-07-19,38.133,-121.522,"water","Central Delta",7.4,8.48,24,NA,NA,NA,NA,NA
2016-07-19,38.1526,-121.501,"water","Central Delta",6.5,7.64,24,NA,NA,NA,NA,NA
2016-08-16,37.7705,-121.292,"water","South Delta",7,7,26,NA,NA,NA,NA,NA
2016-08-16,37.8189,-121.358,"water","Central Delta",7,7,26,NA,NA,NA,NA,NA
2016-08-16,37.8717,-121.526,"water","Central Delta",9,7,26,NA,NA,NA,NA,NA
2016-08-16,37.9674,-121.464,"water","Central Delta",6,8,25,NA,NA,NA,NA,NA
2016-08-16,37.9792,-121.57,"water","Central Delta",7,8,24,NA,NA,NA,NA,NA
2016-08-16,37.9893,-121.463,"water","Central Delta",7,8,26,NA,NA,NA,NA,NA
2016-08-16,38.1156,-121.494,"water","Central Delta",6,8,26,NA,NA,NA,NA,NA
2016-08-16,38.133,-121.522,"water","Central Delta",7,8,26,NA,NA,NA,NA,NA
2016-08-16,38.1526,-121.501,"water","Central Delta",6,7,26,NA,NA,NA,NA,NA
2016-08-17,37.9718,-121.374,"water","Central Delta",7.4,8.1,23,NA,NA,NA,NA,NA
2016-08-17,38.2361,-121.419,"water","Central Delta",8,7.7,25,NA,NA,NA,NA,NA
2016-08-17,38.307,-121.794,"water","North Delta",7.3,8.6,22.9,NA,NA,NA,NA,NA
2016-08-17,38.3677,-121.521,"water","Sacramento River",8.6,8.2,25.1,NA,NA,NA,NA,NA
2016-09-20,37.7705,-121.292,"water","South Delta",7.9,7.42,24,NA,NA,NA,NA,NA
2016-09-20,37.8189,-121.358,"water","Central Delta",6.2,7.02,25,NA,NA,NA,NA,NA
2016-09-20,37.8717,-121.526,"water","Central Delta",6.8,8.37,26,NA,NA,NA,NA,NA
2016-09-20,37.9674,-121.464,"water","Central Delta",6.3,7.3,26,NA,NA,NA,NA,NA
2016-09-20,37.9718,-121.374,"water","Central Delta",8.6,7.9,23.7,NA,NA,NA,NA,NA
2016-09-20,37.9893,-121.463,"water","Central Delta",8.2,7.72,26,NA,NA,NA,NA,NA
2016-09-20,38.1156,-121.494,"water","Central Delta",8,7.58,24,NA,NA,NA,NA,NA
2016-09-20,38.2361,-121.419,"water","Central Delta",7.4,8.2,23.8,NA,NA,NA,NA,NA
2016-09-20,38.307,-121.794,"water","North Delta",7.8,8.6,23.9,NA,NA,NA,NA,NA
2016-09-20,38.3677,-121.521,"water","Sacramento River",8.6,8,24.7,NA,NA,NA,NA,NA
2016-10-17,37.8717,-121.526,"water","Central Delta",8.2,7.21,26,NA,NA,NA,NA,NA
2016-10-17,38.1156,-121.494,"water","Central Delta",8,7.06,24,NA,NA,NA,NA,NA
2016-10-17,38.1526,-121.501,"water","Central Delta",5.9,7.25,26,NA,NA,NA,NA,NA
2016-10-18,37.9718,-121.374,"water","Central Delta",8.3,8.3,23.8,NA,NA,NA,NA,NA
2016-10-18,38.2361,-121.419,"water","Central Delta",7.8,7.5,25.4,NA,NA,NA,NA,NA
2016-10-18,38.307,-121.794,"water","North Delta",8,8.4,23.8,NA,NA,NA,NA,NA
2016-10-18,38.3677,-121.521,"water","Sacramento River",7.7,7.8,24.4,NA,NA,NA,NA,NA
2016-11-09,37.8717,-121.526,"water","Central Delta",3.8,7.28,26,NA,NA,NA,NA,NA
2016-11-14,37.9718,-121.374,"water","Central Delta",8,8.2,24.5,NA,NA,NA,NA,NA
2016-11-14,38.2361,-121.419,"water","Central Delta",8.1,7.7,21.2,NA,NA,NA,NA,NA
2016-11-14,38.307,-121.794,"water","North Delta",8.1,8.6,24.2,NA,NA,NA,NA,NA
2016-11-14,38.3677,-121.521,"water","Sacramento River",7.6,8.3,22.7,NA,NA,NA,NA,NA
2016-12-15,37.7473,-121.344,"water","South Delta",11.5,7.3,26,NA,NA,NA,NA,NA
2016-12-15,38.4732,-121.502,"water","Sacramento River",11.8,9.71,25.3,NA,NA,NA,NA,NA
2016-12-16,37.8717,-121.526,"water","Central Delta",5.3,7.34,25,NA,NA,NA,NA,NA
2016-12-16,37.9674,-121.464,"water","Central Delta",5.3,8.39,25,NA,NA,NA,NA,NA
2016-12-16,37.9718,-121.374,"water","Central Delta",8.27,8.08,21.9,NA,NA,NA,NA,NA
2016-12-16,37.9792,-121.57,"water","Central Delta",5.4,7.35,26,NA,NA,NA,NA,NA
2016-12-16,38.1526,-121.501,"water","Central Delta",5.2,7.12,24,NA,NA,NA,NA,NA
2016-12-16,38.2361,-121.419,"water","Central Delta",8.5,7.7,23.7,NA,NA,NA,NA,NA
2016-12-16,38.307,-121.794,"water","North Delta",8.4,8.2,24.4,NA,NA,NA,NA,NA
2016-12-16,38.3677,-121.521,"water","Sacramento River",8.3,7.91,24.5,NA,NA,NA,NA,NA
2017-01-05,37.8717,-121.526,"water","Central Delta",6,7.27,24,NA,NA,NA,NA,NA
2017-01-05,37.9674,-121.464,"water","Central Delta",7.8,7.89,25,NA,NA,NA,NA,NA
2017-01-05,37.9792,-121.57,"water","Central Delta",5.9,7.92,24,NA,NA,NA,NA,NA
2017-01-05,38.0455,-121.469,"water","Central Delta",7.5,8.73,25,NA,NA,NA,NA,NA
2017-01-05,38.1156,-121.494,"water","Central Delta",7.9,7.66,24,NA,NA,NA,NA,NA
2017-01-05,38.1526,-121.501,"water","Central Delta",5.9,7.68,26,NA,NA,NA,NA,NA
2017-01-09,37.9718,-121.374,"water","Central Delta",8.2,7.7,24.9,NA,NA,NA,NA,NA
2017-01-09,38.2361,-121.419,"water","Central Delta",7.6,7.7,23.9,NA,NA,NA,NA,NA
2017-01-09,38.307,-121.794,"water","North Delta",7.97,8.82,24.2,NA,NA,NA,NA,NA
2017-01-09,38.3677,-121.521,"water","Sacramento River",8,8.1,24.5,NA,NA,NA,NA,NA
2017-01-18,37.7473,-121.344,"water","South Delta",7.4,7.71,24.5,NA,NA,NA,NA,NA
2017-01-18,38.4732,-121.502,"water","Sacramento River",7.2,9.65,24.2,NA,NA,NA,NA,NA
2017-02-28,37.7705,-121.292,"water","South Delta",5.5,8.52,25,NA,NA,NA,NA,NA
2017-02-28,37.8717,-121.526,"water","Central Delta",6.3,8.35,25,NA,NA,NA,NA,NA
2017-02-28,37.9674,-121.464,"water","Central Delta",5.6,8.06,25,NA,NA,NA,NA,NA
2017-02-28,37.9718,-121.374,"water","Central Delta",7.2,7.5,24.2,NA,NA,NA,NA,NA
2017-02-28,37.9792,-121.57,"water","Central Delta",8,7.03,25,NA,NA,NA,NA,NA
2017-02-28,38.0455,-121.469,"water","Central Delta",6.1,7.21,25,NA,NA,NA,NA,NA
2017-02-28,38.1156,-121.494,"water","Central Delta",7.9,8.87,24,NA,NA,NA,NA,NA
2017-02-28,38.133,-121.522,"water","Central Delta",6.3,7.98,25,NA,NA,NA,NA,NA
2017-02-28,38.1526,-121.501,"water","Central Delta",7.1,7.42,24,NA,NA,NA,NA,NA
2017-02-28,38.2361,-121.419,"water","Central Delta",7.5,7.9,24.2,NA,NA,NA,NA,NA
2017-02-28,38.307,-121.794,"water","North Delta",8.75,8.6,24.6,NA,NA,NA,NA,NA
2017-02-28,38.3677,-121.521,"water","Sacramento River",7,8.1,24.3,NA,NA,NA,NA,NA
2017-03-14,37.9718,-121.374,"water","Central Delta",8.3,7.8,24.5,NA,NA,NA,NA,NA
2017-03-14,38.2361,-121.419,"water","Central Delta",8.3,7.8,24.6,NA,NA,NA,NA,NA
2017-03-14,38.307,-121.794,"water","North Delta",7.3,8.8,24.7,NA,NA,NA,NA,NA
2017-03-14,38.3677,-121.521,"water","Sacramento River",7.5,8,24.1,NA,NA,NA,NA,NA
2017-03-21,37.7705,-121.292,"water","South Delta",6.9,7.58,25,NA,NA,NA,NA,NA
2017-03-21,37.8717,-121.526,"water","Central Delta",6,8.33,25,NA,NA,NA,NA,NA
2017-03-21,37.9674,-121.464,"water","Central Delta",7.8,8.29,25,NA,NA,NA,NA,NA
2017-03-21,37.9792,-121.57,"water","Central Delta",7.7,7.88,25,NA,NA,NA,NA,NA
2017-03-21,38.0455,-121.469,"water","Central Delta",7.7,7.44,24,NA,NA,NA,NA,NA
2017-03-21,38.1156,-121.494,"water","Central Delta",7.9,9.24,24,NA,NA,NA,NA,NA
2017-03-21,38.133,-121.522,"water","Central Delta",7.7,8.61,24,NA,NA,NA,NA,NA
2017-03-21,38.1526,-121.501,"water","Central Delta",6.9,7.49,24,NA,NA,NA,NA,NA
2017-04-06,38.4732,-121.502,"water","Sacramento River",9.8,7.7,24.2,NA,NA,NA,NA,NA
2017-04-18,37.7705,-121.292,"water","South Delta",7.2,8.29,26,NA,NA,NA,NA,NA
2017-04-18,37.8717,-121.526,"water","Central Delta",6.2,8.44,26,NA,NA,NA,NA,NA
2017-04-18,37.9674,-121.464,"water","Central Delta",7.8,8.42,24,NA,NA,NA,NA,NA
2017-04-18,37.9792,-121.57,"water","Central Delta",6,7.58,26,NA,NA,NA,NA,NA
2017-04-18,38.0455,-121.469,"water","Central Delta",5.3,7.47,24,NA,NA,NA,NA,NA
2017-04-18,38.0601,-121.499,"water","Central Delta",6.1,8.24,24,NA,NA,NA,NA,NA
2017-04-18,38.1156,-121.494,"water","Central Delta",8.2,8.8,24,NA,NA,NA,NA,NA
2017-04-18,38.133,-121.522,"water","Central Delta",8.1,8.43,24,NA,NA,NA,NA,NA
2017-04-18,38.1526,-121.501,"water","Central Delta",5.9,8.1,26,NA,NA,NA,NA,NA
2017-04-25,37.9718,-121.374,"water","Central Delta",7.2,7.82,25.8,NA,NA,NA,NA,NA
2017-04-25,38.2361,-121.419,"water","Central Delta",8.3,7.8,25.7,NA,NA,NA,NA,NA
2017-04-25,38.307,-121.794,"water","North Delta",7.9,8.6,25.1,NA,NA,NA,NA,NA
2017-04-25,38.3677,-121.521,"water","Sacramento River",8.24,7.7,24.8,NA,NA,NA,NA,NA
2017-05-16,37.7705,-121.292,"water","South Delta",5.5,8.35,25,NA,NA,NA,NA,NA
2017-05-16,37.8717,-121.526,"water","Central Delta",7.6,8.1,25,NA,NA,NA,NA,NA
2017-05-16,37.9674,-121.464,"water","Central Delta",5,8.38,24,NA,NA,NA,NA,NA
2017-05-16,37.9718,-121.374,"water","Central Delta",8.3,7.85,25.6,NA,NA,NA,NA,NA
2017-05-16,37.9792,-121.57,"water","Central Delta",6.3,8.13,25,NA,NA,NA,NA,NA
2017-05-16,38.0455,-121.469,"water","Central Delta",5.1,8.52,24,NA,NA,NA,NA,NA
2017-05-16,38.1156,-121.494,"water","Central Delta",4.9,8.68,25,NA,NA,NA,NA,NA
2017-05-16,38.133,-121.522,"water","Central Delta",5,8.12,25,NA,NA,NA,NA,NA
2017-05-16,38.1526,-121.501,"water","Central Delta",6,8.39,25,NA,NA,NA,NA,NA
2017-05-16,38.2361,-121.419,"water","Central Delta",7,7.99,24.3,NA,NA,NA,NA,NA
2017-05-16,38.307,-121.794,"water","North Delta",7.1,8.5,25.6,NA,NA,NA,NA,NA
2017-05-16,38.3677,-121.521,"water","Sacramento River",8.7,8.3,23.7,NA,NA,NA,NA,NA
2017-06-13,37.9718,-121.374,"water","Central Delta",7.64,7.49,26.4,NA,NA,NA,NA,NA
2017-06-13,38.2361,-121.419,"water","Central Delta",8.45,7.8,24.2,NA,NA,NA,NA,NA
2017-06-13,38.307,-121.794,"water","North Delta",8.16,8.86,24.9,NA,NA,NA,NA,NA
2017-06-13,38.3677,-121.521,"water","Sacramento River",7.14,7.81,25.9,NA,NA,NA,NA,NA
2017-06-20,37.7705,-121.292,"water","South Delta",8,7.47,24,NA,NA,NA,NA,NA
2017-06-20,37.8717,-121.526,"water","Central Delta",7.9,7.68,24,NA,NA,NA,NA,NA
2017-06-20,37.9792,-121.57,"water","Central Delta",8.1,8.16,24,NA,NA,NA,NA,NA
2017-06-20,38.0455,-121.469,"water","Central Delta",6.6,8.65,25,NA,NA,NA,NA,NA
2017-06-20,38.133,-121.522,"water","Central Delta",8.1,7.55,24,NA,NA,NA,NA,NA
2017-06-20,38.1526,-121.501,"water","Central Delta",6.4,7.69,25,NA,NA,NA,NA,NA
2017-07-18,37.7705,-121.292,"water","South Delta",6.3,7.58,26,NA,NA,NA,NA,NA
2017-07-18,37.8717,-121.526,"water","Central Delta",6.5,7.21,25,NA,NA,NA,NA,NA
2017-07-18,37.9674,-121.464,"water","Central Delta",7.4,7.09,24,NA,NA,NA,NA,NA
2017-07-18,37.9792,-121.57,"water","Central Delta",7.5,7.94,25,NA,NA,NA,NA,NA
2017-07-18,38.133,-121.522,"water","Central Delta",7.5,7.27,24,NA,NA,NA,NA,NA
2017-07-18,38.1526,-121.501,"water","Central Delta",6,7.64,26,NA,NA,NA,NA,NA
2017-08-22,37.7705,-121.292,"water","South Delta",8.1,7.87,24,NA,NA,NA,NA,NA
2017-08-22,37.8717,-121.526,"water","Central Delta",8.3,7.22,24,NA,NA,NA,NA,NA
2017-08-22,37.9792,-121.57,"water","Central Delta",6.6,7.28,24,NA,NA,NA,NA,NA
2017-08-22,38.133,-121.522,"water","Central Delta",7.8,7.42,24,NA,NA,NA,NA,NA
2017-08-22,38.1526,-121.501,"water","Central Delta",6.2,7.93,24,NA,NA,NA,NA,NA
2017-09-07,38.0205,-121.806,"water","Confluence",6.1,7.97,NA,24.7,NA,NA,NA,NA
2017-09-07,38.0597,-121.811,"water","Confluence",6.1,7.64,NA,24.5,NA,NA,NA,NA
2017-09-07,38.067,-122.094,"water","Suisun Bay",6.4,8.32,NA,24,NA,NA,NA,NA
2017-09-19,37.7705,-121.292,"water","South Delta",6.3,7.13,24,NA,NA,NA,NA,NA
2017-09-19,37.8717,-121.526,"water","Central Delta",7.9,7.46,24,NA,NA,NA,NA,NA
2017-09-19,37.9792,-121.57,"water","Central Delta",7.9,6.96,26,NA,NA,NA,NA,NA
2017-09-19,38.1526,-121.501,"water","Central Delta",8.3,7.47,25,NA,NA,NA,NA,NA
2017-10-17,37.8717,-121.526,"water","Central Delta",5.7,7.82,26,NA,NA,NA,NA,NA
2017-10-25,38.2399,-121.565,"water","Sacramento River",6.7,8.23,NA,NA,NA,NA,NA,NA
2017-11-16,37.8717,-121.526,"water","Central Delta",8.4,7.44,24,NA,NA,NA,NA,NA
2017-11-28,38.2399,-121.565,"water","Sacramento River",6.3,8.4,NA,NA,NA,NA,NA,NA
2017-11-28,38.3068,-121.693,"water","North Delta",22.1,8.11,NA,NA,NA,NA,NA,NA
2017-11-28,38.307,-121.794,"water","North Delta",22.4,8.55,NA,NA,NA,NA,NA,NA
2017-12-12,37.8717,-121.526,"water","Central Delta",5.5,7.98,24,NA,NA,NA,NA,NA
2017-12-12,37.9674,-121.464,"water","Central Delta",7.9,7.95,24,NA,NA,NA,NA,NA
2017-12-12,37.9792,-121.57,"water","Central Delta",6.5,8.21,24,NA,NA,NA,NA,NA
2017-12-12,38.1526,-121.501,"water","Central Delta",7.9,8.58,24,NA,NA,NA,NA,NA
2017-12-26,38.2399,-121.565,"water","Sacramento River",10.5,9.92,NA,NA,NA,NA,NA,NA
2017-12-26,38.307,-121.794,"water","North Delta",16.9,9.94,NA,NA,NA,NA,NA,NA
2018-01-11,37.7705,-121.292,"water","South Delta",6.1,8.94,24,NA,NA,NA,NA,NA
2018-01-11,37.8717,-121.526,"water","Central Delta",8,7.79,24,NA,NA,NA,NA,NA
2018-01-11,37.9674,-121.464,"water","Central Delta",7.9,8.12,24,NA,NA,NA,NA,NA
2018-01-11,38.0455,-121.469,"water","Central Delta",7.9,8.15,24,NA,NA,NA,NA,NA
2018-01-11,38.1156,-121.494,"water","Central Delta",8.1,8.65,24,NA,NA,NA,NA,NA
2018-01-11,38.1526,-121.501,"water","Central Delta",8.1,7.45,24,NA,NA,NA,NA,NA
2018-01-23,38.2399,-121.565,"water","Sacramento River",18.6,9.68,NA,NA,NA,NA,NA,NA
2018-01-23,38.307,-121.794,"water","North Delta",18.2,9.91,NA,NA,NA,NA,NA,NA
2018-02-20,37.7705,-121.292,"water","South Delta",7.1,8.84,25,NA,NA,NA,NA,NA
2018-02-20,37.8717,-121.526,"water","Central Delta",8.1,7.67,24,NA,NA,NA,NA,NA
2018-02-20,37.9286,-121.561,"water","Central Delta",5.9,8.11,24,NA,NA,NA,NA,NA
2018-02-20,37.9674,-121.464,"water","Central Delta",8.2,8.61,24,NA,NA,NA,NA,NA
2018-02-20,37.9792,-121.57,"water","Central Delta",7.1,8.34,26,NA,NA,NA,NA,NA
2018-02-20,37.9893,-121.463,"water","Central Delta",5.9,8.47,24,NA,NA,NA,NA,NA
2018-02-20,38.0455,-121.469,"water","Central Delta",8,8.06,24,NA,NA,NA,NA,NA
2018-02-20,38.1156,-121.494,"water","Central Delta",6,8.55,24,NA,NA,NA,NA,NA
2018-02-20,38.1526,-121.501,"water","Central Delta",6,8.76,24,NA,NA,NA,NA,NA
2018-02-20,38.2399,-121.565,"water","Sacramento River",8.4,9.87,NA,NA,NA,NA,NA,NA
2018-02-20,38.307,-121.794,"water","North Delta",11,8.17,NA,NA,NA,NA,NA,NA
2018-03-14,37.7705,-121.292,"water","South Delta",6.2,9.28,24,NA,NA,NA,NA,NA
2018-03-14,37.8717,-121.526,"water","Central Delta",7.9,8.21,24,NA,NA,NA,NA,NA
2018-03-14,37.9792,-121.57,"water","Central Delta",6.7,7.22,26,NA,NA,NA,NA,NA
2018-03-14,37.9893,-121.463,"water","Central Delta",8,8.39,25,NA,NA,NA,NA,NA
2018-03-14,38.0455,-121.469,"water","Central Delta",8.1,8.51,25,NA,NA,NA,NA,NA
2018-03-14,38.1156,-121.494,"water","Central Delta",8.1,8.74,24,NA,NA,NA,NA,NA
2018-03-14,38.1526,-121.501,"water","Central Delta",7.9,7.59,24,NA,NA,NA,NA,NA
2018-03-14,38.2399,-121.565,"water","Sacramento River",8.5,7.57,NA,NA,NA,NA,NA,NA
2018-03-14,38.3068,-121.693,"water","North Delta",17,8.36,NA,NA,NA,NA,NA,NA
2018-03-14,38.307,-121.794,"water","North Delta",9.3,8.39,NA,NA,NA,NA,NA,NA
2018-04-10,37.7705,-121.292,"water","South Delta",8.3,8,24,NA,NA,NA,NA,NA
2018-04-10,37.8717,-121.526,"water","Central Delta",6.7,7.24,24,NA,NA,NA,NA,NA
2018-04-10,37.9286,-121.561,"water","Central Delta",6.3,8.16,25,NA,NA,NA,NA,NA
2018-04-10,37.9674,-121.464,"water","Central Delta",7.8,8.14,24,NA,NA,NA,NA,NA
2018-04-10,37.9792,-121.57,"water","Central Delta",7.9,7.4,24,NA,NA,NA,NA,NA
2018-04-10,38.0455,-121.469,"water","Central Delta",8.6,8.09,25,NA,NA,NA,NA,NA
2018-04-10,38.0601,-121.499,"water","Central Delta",8.1,7.95,24,NA,NA,NA,NA,NA
2018-04-10,38.1156,-121.494,"water","Central Delta",7.3,8.2,24,NA,NA,NA,NA,NA
2018-04-10,38.1526,-121.501,"water","Central Delta",8.3,8.7,24,NA,NA,NA,NA,NA
2018-04-17,38.2399,-121.565,"water","Sacramento River",9.9,8.33,NA,NA,NA,NA,NA,NA
2018-04-17,38.307,-121.794,"water","North Delta",16.5,9.84,NA,NA,NA,NA,NA,NA
2018-05-15,37.7705,-121.292,"water","South Delta",6.1,7.08,24,NA,NA,NA,NA,NA
2018-05-15,37.8717,-121.526,"water","Central Delta",5.1,7.29,25,NA,NA,NA,NA,NA
2018-05-15,37.9286,-121.561,"water","Central Delta",8.2,8.94,24,NA,NA,NA,NA,NA
2018-05-15,37.9674,-121.464,"water","Central Delta",7.9,7.9,25,NA,NA,NA,NA,NA
2018-05-15,37.9792,-121.57,"water","Central Delta",6.7,7.12,24,NA,NA,NA,NA,NA
2018-05-15,38.0455,-121.469,"water","Central Delta",8,8.81,24,NA,NA,NA,NA,NA
2018-05-15,38.1156,-121.494,"water","Central Delta",7.9,8.4,25,NA,NA,NA,NA,NA
2018-05-15,38.1526,-121.501,"water","Central Delta",8.1,7.03,25,NA,NA,NA,NA,NA
2018-05-15,38.2399,-121.565,"water","Sacramento River",7.8,8.17,NA,NA,NA,NA,NA,NA
2018-05-15,38.3068,-121.693,"water","North Delta",7.4,8.31,NA,NA,NA,NA,NA,NA
2018-05-15,38.307,-121.794,"water","North Delta",7.4,8.15,NA,NA,NA,NA,NA,NA
2018-06-19,37.7705,-121.292,"water","South Delta",8.1,8.2,24,NA,NA,NA,NA,NA
2018-06-19,37.8717,-121.526,"water","Central Delta",6.1,8,26,NA,NA,NA,NA,NA
2018-06-19,37.9792,-121.57,"water","Central Delta",6.4,7.24,24,NA,NA,NA,NA,NA
2018-06-19,38.0455,-121.469,"water","Central Delta",7.8,7.82,24,NA,NA,NA,NA,NA
2018-06-19,38.1526,-121.501,"water","Central Delta",8.2,7.99,24,NA,NA,NA,NA,NA
2018-06-19,38.2399,-121.565,"water","Sacramento River",7.4,7.33,NA,NA,NA,NA,NA,NA
2018-06-19,38.307,-121.794,"water","North Delta",8.4,8.11,NA,NA,NA,NA,NA,NA
2018-07-17,37.7705,-121.292,"water","South Delta",4.9,7.73,25,NA,NA,NA,NA,NA
2018-07-17,37.8717,-121.526,"water","Central Delta",7,7.46,24,NA,NA,NA,NA,NA
2018-07-17,37.9625,-121.687,"water","Confluence",7.2,8.56,NA,NA,NA,NA,NA,NA
2018-07-17,37.9674,-121.464,"water","Central Delta",7.8,8.34,25,NA,NA,NA,NA,NA
2018-07-17,37.9792,-121.57,"water","Central Delta",7.9,7.2,25,NA,NA,NA,NA,NA
2018-07-17,38.1526,-121.501,"water","Central Delta",6.3,7.71,25,NA,NA,NA,NA,NA
2018-07-17,38.2399,-121.565,"water","Sacramento River",8.7,8.16,NA,NA,NA,NA,NA,NA
2018-07-17,38.307,-121.794,"water","North Delta",12.8,8.63,NA,NA,NA,NA,NA,NA
2018-08-21,37.7705,-121.292,"water","South Delta",6.6,7.09,25,NA,NA,NA,NA,NA
2018-08-21,37.8717,-121.526,"water","Central Delta",8.2,8.05,24,NA,NA,NA,NA,NA
2018-08-21,37.9792,-121.57,"water","Central Delta",7.8,7.75,24,NA,NA,NA,NA,NA
2018-08-21,38.1526,-121.501,"water","Central Delta",8.3,7.66,24,NA,NA,NA,NA,NA
2018-08-21,38.2399,-121.565,"water","Sacramento River",8.2,8.27,NA,NA,NA,NA,NA,NA
2018-08-21,38.3068,-121.693,"water","North Delta",8.4,8.25,NA,NA,NA,NA,NA,NA
2018-08-21,38.307,-121.794,"water","North Delta",8.3,10.52,NA,NA,NA,NA,NA,NA
2018-09-18,37.7705,-121.292,"water","South Delta",8.3,7.32,24,NA,NA,NA,NA,NA
2018-09-18,37.8717,-121.526,"water","Central Delta",7.2,8.59,25,NA,NA,NA,NA,NA
2018-09-18,37.9792,-121.57,"water","Central Delta",8,7.88,24,NA,NA,NA,NA,NA
2018-09-18,38.1526,-121.501,"water","Central Delta",8.3,7.84,24,NA,NA,NA,NA,NA
2018-09-18,38.2399,-121.565,"water","Sacramento River",7.7,7.47,NA,NA,NA,NA,NA,NA
2018-09-18,38.307,-121.794,"water","North Delta",18,8.26,NA,NA,NA,NA,NA,NA
2018-10-16,37.8189,-121.358,"water","Central Delta",7.6,8.65,24,NA,NA,NA,NA,NA
2018-10-16,37.8717,-121.526,"water","Central Delta",7.6,8.58,25,NA,NA,NA,NA,NA
2018-10-16,38.1156,-121.494,"water","Central Delta",7.7,8.2,26,NA,NA,NA,NA,NA
2018-10-16,38.2399,-121.565,"water","Sacramento River",5.8,7.77,NA,NA,NA,NA,NA,NA
2018-10-16,38.307,-121.794,"water","North Delta",7.2,8.52,NA,NA,NA,NA,NA,NA
2018-11-13,37.8189,-121.358,"water","Central Delta",4.8,9.01,24,NA,NA,NA,NA,NA
2018-11-13,37.9674,-121.464,"water","Central Delta",7.7,7.37,24,NA,NA,NA,NA,NA
2018-11-13,38.1156,-121.494,"water","Central Delta",8.4,7.62,24,NA,NA,NA,NA,NA
2018-11-23,38.2399,-121.565,"water","Sacramento River",9.2,7.68,NA,NA,NA,NA,NA,NA
2018-11-23,38.3068,-121.693,"water","North Delta",6.9,8.1,NA,NA,NA,NA,NA,NA
2018-11-23,38.307,-121.794,"water","North Delta",8.1,7.73,NA,NA,NA,NA,NA,NA
2018-11-28,38.3677,-121.521,"water","Sacramento River",NA,7.54,NA,NA,NA,NA,0.12,0.022
2018-11-29,37.8189,-121.358,"water","Central Delta",4.5,7.84,25,NA,NA,NA,NA,NA
2018-11-29,37.8717,-121.526,"water","Central Delta",6.1,8.14,24,NA,NA,NA,NA,NA
2018-11-29,37.9674,-121.464,"water","Central Delta",8,7.32,26,NA,NA,NA,NA,NA
2018-12-14,38.3677,-121.521,"water","Sacramento River",NA,7.31,NA,NA,NA,NA,0,0.025
2018-12-18,38.2399,-121.565,"water","Sacramento River",16.9,7.48,NA,NA,NA,NA,NA,NA
2018-12-18,38.307,-121.794,"water","North Delta",8.79,8.28,22,NA,NA,NA,NA,NA
2018-12-19,37.9718,-121.374,"water","Central Delta",7.93,8.84,22.2,NA,NA,NA,NA,NA
2018-12-19,38.2611,-121.748,"water","North Delta",8.05,7.85,24.9,NA,NA,NA,NA,NA
2018-12-19,38.2692,-121.692,"water","North Delta",7.99,8.08,25.4,NA,NA,NA,NA,NA
2018-12-19,38.2795,-121.661,"water","North Delta",8.02,7.95,22.2,NA,NA,NA,NA,NA
2018-12-19,38.3196,-121.693,"water","North Delta",8.19,8.2,22.3,NA,NA,NA,NA,NA
2019-01-08,37.8189,-121.358,"water","Central Delta",7.5,8.18,24,NA,NA,NA,NA,NA
2019-01-08,37.8717,-121.526,"water","Central Delta",7.7,8,25,NA,NA,NA,NA,NA
2019-01-08,37.9674,-121.464,"water","Central Delta",7.4,8.33,24,NA,NA,NA,NA,NA
2019-01-08,38.1156,-121.494,"water","Central Delta",5.3,8.24,24,NA,NA,NA,NA,NA
2019-01-08,38.1526,-121.501,"water","Central Delta",7.8,8.64,24,NA,NA,NA,NA,NA
2019-01-08,38.2399,-121.565,"water","Sacramento River",16.6,9.95,NA,NA,NA,NA,NA,NA
2019-01-08,38.307,-121.794,"water","North Delta",19,7.83,NA,NA,NA,NA,NA,NA
2019-01-09,38.3068,-121.693,"water","North Delta",9.6,7.76,NA,NA,NA,NA,NA,NA
2019-02-04,38.307,-121.794,"water","North Delta",6.27,8.68,25,NA,NA,NA,NA,NA
2019-02-05,37.7705,-121.292,"water","South Delta",7.6,7.96,25,NA,NA,NA,NA,NA
2019-02-05,37.8189,-121.358,"water","Central Delta",7.3,7.55,26,NA,NA,NA,NA,NA
2019-02-05,37.8717,-121.526,"water","Central Delta",7.2,8.59,25,NA,NA,NA,NA,NA
2019-02-05,37.9286,-121.561,"water","Central Delta",7.8,8.47,25,NA,NA,NA,NA,NA
2019-02-05,37.9674,-121.464,"water","Central Delta",5,7.78,25,NA,NA,NA,NA,NA
2019-02-05,37.9792,-121.57,"water","Central Delta",7.7,8.31,26,NA,NA,NA,NA,NA
2019-02-05,37.9893,-121.463,"water","Central Delta",6.8,8.38,24,NA,NA,NA,NA,NA
2019-02-05,38.0455,-121.469,"water","Central Delta",7.7,8.45,26,NA,NA,NA,NA,NA
2019-02-05,38.1156,-121.494,"water","Central Delta",7.6,8.8,24,NA,NA,NA,NA,NA
2019-02-05,38.2521,-121.676,"water","North Delta",7.95,7.93,21.9,NA,NA,NA,NA,NA
2019-02-05,38.259,-121.668,"water","North Delta",7.38,7.79,21.9,NA,NA,NA,NA,NA
2019-02-05,38.2712,-121.703,"water","North Delta",8.05,8.79,24.3,NA,NA,NA,NA,NA
2019-02-05,38.2743,-121.674,"water","North Delta",8.3,8.37,22.4,NA,NA,NA,NA,NA
2019-02-06,37.9718,-121.374,"water","Central Delta",7.6,8,24.1,NA,NA,NA,NA,NA
2019-02-19,38.2399,-121.565,"water","Sacramento River",17.6,9.55,NA,NA,NA,NA,NA,NA
2019-02-19,38.307,-121.794,"water","North Delta",10.2,8.38,NA,NA,NA,NA,NA,NA
2019-03-19,37.7705,-121.292,"water","South Delta",6.4,7.96,24,NA,NA,NA,NA,NA
2019-03-19,37.8189,-121.358,"water","Central Delta",6.4,7.28,24,NA,NA,NA,NA,NA
2019-03-19,37.8717,-121.526,"water","Central Delta",8.6,8.66,24,NA,NA,NA,NA,NA
2019-03-19,37.9674,-121.464,"water","Central Delta",7.4,7.32,24,NA,NA,NA,NA,NA
2019-03-19,37.9893,-121.463,"water","Central Delta",7.6,8.07,25,NA,NA,NA,NA,NA
2019-03-19,38.0455,-121.469,"water","Central Delta",8,8.56,25,NA,NA,NA,NA,NA
2019-03-19,38.1156,-121.494,"water","Central Delta",8.3,8.62,24,NA,NA,NA,NA,NA
2019-03-19,38.1526,-121.501,"water","Central Delta",6.4,8.75,25,NA,NA,NA,NA,NA
2019-03-19,38.2399,-121.565,"water","Sacramento River",18.9,7.28,NA,NA,NA,NA,NA,NA
2019-03-19,38.307,-121.794,"water","North Delta",9.4,8.56,NA,NA,NA,NA,NA,NA
2019-04-09,37.7705,-121.292,"water","South Delta",8.7,9.36,25,NA,NA,NA,NA,NA
2019-04-09,37.8189,-121.358,"water","Central Delta",8.3,8.16,24,NA,NA,NA,NA,NA
2019-04-09,37.8717,-121.526,"water","Central Delta",6.1,8.72,24,NA,NA,NA,NA,NA
2019-04-09,37.9286,-121.561,"water","Central Delta",6.2,8.13,24,NA,NA,NA,NA,NA
2019-04-09,37.9674,-121.464,"water","Central Delta",8.3,7.43,24,NA,NA,NA,NA,NA
2019-04-09,38.0455,-121.469,"water","Central Delta",8.1,8.74,25,NA,NA,NA,NA,NA
2019-04-09,38.0601,-121.499,"water","Central Delta",7.9,8.72,25,NA,NA,NA,NA,NA
2019-04-09,38.1156,-121.494,"water","Central Delta",8.2,7.87,24,NA,NA,NA,NA,NA
2019-04-09,38.133,-121.522,"water","Central Delta",7.9,8.72,24,NA,NA,NA,NA,NA
2019-04-16,38.2399,-121.565,"water","Sacramento River",6.6,7.34,NA,NA,NA,NA,NA,NA
2019-04-18,38.307,-121.794,"water","North Delta",7.2,8.4,NA,NA,NA,NA,NA,NA
2019-04-29,38.307,-121.794,"water","North Delta",7.8,8.39,24,NA,NA,NA,NA,NA
2019-04-30,37.9718,-121.374,"water","Central Delta",8.54,8.6,23.2,NA,NA,NA,NA,NA
2019-04-30,38.2496,-121.675,"water","North Delta",8.6,8.05,24.9,NA,NA,NA,NA,NA
2019-04-30,38.2824,-121.681,"water","North Delta",7.67,8.21,24.3,NA,NA,NA,NA,NA
2019-04-30,38.3057,-121.657,"water","North Delta",8.5,8.34,23.3,NA,NA,NA,NA,NA
2019-04-30,38.4618,-121.589,"water","North Delta",7.15,7.16,23.1,NA,NA,NA,NA,NA
2019-05-21,37.7705,-121.292,"water","South Delta",8.4,7.74,24,NA,NA,NA,NA,NA
2019-05-21,37.8189,-121.358,"water","Central Delta",5.8,7.33,26,NA,NA,NA,NA,NA
2019-05-21,37.8717,-121.526,"water","Central Delta",5.2,8.35,24,NA,NA,NA,NA,NA
2019-05-21,37.9286,-121.561,"water","Central Delta",5.2,8.59,25,NA,NA,NA,NA,NA
2019-05-21,37.9674,-121.464,"water","Central Delta",5.3,8.01,25,NA,NA,NA,NA,NA
2019-05-21,38.1156,-121.494,"water","Central Delta",5.3,8.28,24,NA,NA,NA,NA,NA
2019-05-21,38.133,-121.522,"water","Central Delta",7.7,8.1,24,NA,NA,NA,NA,NA
2019-05-21,38.2399,-121.565,"water","Sacramento River",8.9,7.19,NA,NA,NA,NA,NA,NA
2019-05-21,38.307,-121.794,"water","North Delta",7.1,8.3,NA,NA,NA,NA,NA,NA
2019-05-23,38.3068,-121.693,"water","North Delta",15.3,7.99,NA,NA,NA,NA,NA,NA
2019-06-17,37.9718,-121.374,"water","Central Delta",8.62,10.17,25.8,NA,NA,NA,NA,NA
2019-06-17,38.307,-121.794,"water","North Delta",8.1,8.2,26.1,NA,NA,NA,NA,NA
2019-06-18,37.8189,-121.358,"water","Central Delta",5.7,7.33,26,NA,NA,NA,NA,NA
2019-06-18,37.8717,-121.526,"water","Central Delta",9.5,9.03,24,NA,NA,NA,NA,NA
2019-06-18,37.9674,-121.464,"water","Central Delta",5.8,8.09,25,NA,NA,NA,NA,NA
2019-06-18,38.1156,-121.494,"water","Central Delta",8,8.47,25,NA,NA,NA,NA,NA
2019-06-18,38.1526,-121.501,"water","Central Delta",7.8,8.19,24,NA,NA,NA,NA,NA
2019-06-18,38.2082,-121.663,"water","North Delta",8.54,9.59,23.5,NA,NA,NA,NA,NA
2019-06-18,38.2399,-121.565,"water","Sacramento River",8.9,8.11,NA,NA,NA,NA,NA,NA
2019-06-18,38.2581,-121.726,"water","North Delta",8.19,7.11,24.8,NA,NA,NA,NA,NA
2019-06-18,38.2679,-121.663,"water","North Delta",8.31,7.82,23.4,NA,NA,NA,NA,NA
2019-06-18,38.307,-121.794,"water","North Delta",8.9,8.63,NA,NA,NA,NA,NA,NA
2019-06-18,38.382,-121.626,"water","North Delta",8.56,9.68,23.5,NA,NA,NA,NA,NA
2019-06-21,38.3677,-121.521,"water","Sacramento River",NA,7.49,NA,NA,NA,NA,0.08,0
2019-07-09,38.3677,-121.521,"water","Sacramento River",NA,7.85,NA,NA,NA,NA,0.13,0
2019-07-16,37.7705,-121.292,"water","South Delta",7.7,8.33,24,NA,NA,NA,NA,NA
2019-07-16,37.8189,-121.358,"water","Central Delta",8.1,7.77,24,NA,NA,NA,NA,NA
2019-07-16,37.8717,-121.526,"water","Central Delta",7.7,8.05,24,NA,NA,NA,NA,NA
2019-07-16,37.9674,-121.464,"water","Central Delta",8.1,7.76,25,NA,NA,NA,NA,NA
2019-07-16,38.1156,-121.494,"water","Central Delta",8.1,8.18,25,NA,NA,NA,NA,NA
2019-07-16,38.2399,-121.565,"water","Sacramento River",7.8,9.72,NA,NA,NA,NA,NA,NA
2019-07-16,38.307,-121.794,"water","North Delta",8.8,9.83,NA,NA,NA,NA,NA,NA
2019-07-23,37.938,-121.707,"water","Confluence",9,7.93,NA,NA,NA,NA,NA,NA
2019-07-29,37.9718,-121.374,"water","Central Delta",7.44,8.35,24.8,NA,NA,NA,NA,NA
2019-07-30,38.2603,-121.679,"water","North Delta",8.18,8.79,24.4,NA,NA,NA,NA,NA
2019-07-30,38.2788,-121.678,"water","North Delta",8.22,8.86,24.7,NA,NA,NA,NA,NA
2019-07-30,38.2833,-121.686,"water","North Delta",8.7,8.48,24.8,NA,NA,NA,NA,NA
2019-07-30,38.307,-121.794,"water","North Delta",7.48,8.55,24.1,NA,NA,NA,NA,NA
2019-07-30,38.433,-121.603,"water","North Delta",7.16,8.87,24.4,NA,NA,NA,NA,NA
2019-08-05,38.0205,-121.806,"water","Confluence",6.9,8.15,NA,24.7,NA,NA,NA,NA
2019-08-05,38.0597,-121.811,"water","Confluence",7,8.46,NA,24.8,NA,NA,NA,NA
2019-08-05,38.0726,-122.082,"water","Suisun Bay",8,8.13,NA,24.5,NA,NA,NA,NA
2019-08-06,38.3831,-121.521,"water","Sacramento River",9.04,7.23,23.2,NA,NA,NA,NA,NA
2019-08-14,38.3677,-121.521,"water","Sacramento River",NA,6.63,NA,NA,NA,NA,0.01,0.48
2019-08-20,37.7705,-121.292,"water","South Delta",7.8,8.2,24,NA,NA,NA,NA,NA
2019-08-20,37.8189,-121.358,"water","Central Delta",7.8,7.02,24,NA,NA,NA,NA,NA
2019-08-20,37.9674,-121.464,"water","Central Delta",6.8,7.2,24,NA,NA,NA,NA,NA
2019-08-20,38.1156,-121.494,"water","Central Delta",6.7,7.6,24,NA,NA,NA,NA,NA
2019-08-21,38.2399,-121.565,"water","Sacramento River",8.6,8.5,NA,NA,NA,NA,NA,NA
2019-08-21,38.307,-121.794,"water","North Delta",8.2,7.91,NA,NA,NA,NA,NA,NA
2019-08-22,38.3068,-121.693,"water","North Delta",8.2,8.5,NA,NA,NA,NA,NA,NA
2019-08-30,38.3677,-121.521,"water","Sacramento River",NA,7.44,NA,NA,NA,NA,0.12,0
2019-09-16,37.9718,-121.374,"water","Central Delta",8.33,7.63,23.7,NA,NA,NA,NA,NA
2019-09-16,38.307,-121.794,"water","North Delta",7.76,8.66,23.1,NA,NA,NA,NA,NA
2019-09-17,37.7705,-121.292,"water","South Delta",6.6,8.1,25,NA,NA,NA,NA,NA
2019-09-17,37.8189,-121.358,"water","Central Delta",7.2,7.87,24,NA,NA,NA,NA,NA
2019-09-17,37.8717,-121.526,"water","Central Delta",6.3,8.27,24,NA,NA,NA,NA,NA
2019-09-17,37.9674,-121.464,"water","Central Delta",4.9,8.1,24,NA,NA,NA,NA,NA
2019-09-17,37.9792,-121.57,"water","Central Delta",6.3,8.09,25,NA,NA,NA,NA,NA
2019-09-17,38.1156,-121.494,"water","Central Delta",7.8,8.32,24,NA,NA,NA,NA,NA
2019-09-17,38.1849,-121.661,"water","North Delta",7.58,7.73,24,NA,NA,NA,NA,NA
2019-09-17,38.279,-121.688,"water","North Delta",7.68,7.75,24.8,NA,NA,NA,NA,NA
2019-09-17,38.3011,-121.73,"water","North Delta",7.66,8.24,24.4,NA,NA,NA,NA,NA
2019-09-17,38.318,-121.652,"water","North Delta",7.93,8.26,24,NA,NA,NA,NA,NA
2019-09-25,38.2399,-121.565,"water","Sacramento River",7.1,8.3,NA,NA,NA,NA,NA,NA
2019-09-25,38.307,-121.794,"water","North Delta",8.3,7.96,NA,NA,NA,NA,NA,NA
